Workbook

Sheet Curve
A1: 1_Case Temp | B1: 5_Case Temp | C1: 1_Opr_Wavelength | D1: 5_Opr_Wavelength | E1: Max_Case Temp | F1: 1_Max_Wavelength | G1: 5_Max_Wavelength | H1: [CH1_DDMI_Opr_Bias] | I1: [CH5_DDMI_Opr_Bias] | J1: [CH1_DDMI_Max_Bias] | K1: [CH1_Opr_TxP] | L1: [CH5_Opr_TxP] | M1: [CH1_Max_TxP] | N1: [CH5_Max_TxP] | O1: [1_Opr_dW/dT] | P1: [5_Opr_dW/dT] | Q1: 1_Max_dW/dT] | R1: [5_Max_dW/dT] | S1: Max | T1: Min
A2: ='1_Operational'!C2 -> 0.2 | B2: ='5_Operational'!C2 -> 0.2 | C2: ='1_Operational'!D2 -> 1307.305 | D2: ='5_Operational'!D2 -> 1307.389 | E2: ='1_Maximum'!C2 -> 69.76 | F2: ='1_Maximum'!D2 -> 1314.858 | G2: ='5_Maximum'!D2 -> 1314.647 | H2: ='1_Operational'!F2 -> 271.12 | I2: ='5_Operational'!J2 -> 352.24 | J2: ='1_Maximum'!F2:F95 -> 399 | K2: ='1_Operational'!E2 -> 3.46 | L2: ='5_Operational'!E2 -> -0.51 | M2: ='1_Maximum'!E2 -> -2.15 | N2: ='5_Maximum'!E2 -> 0.32 | O2: ='1_Operational'!N2 -> 0.06 | P2: ='5_Operational'!N2 -> 0.07 | Q2: ='1_Maximum'!N2 -> 0.08 | R2: ='5_Maximum'!N2 -> 0.1 | S2: 0.2 | T2: 0
A3: ='1_Operational'!C3 -> 0.96 | B3: ='5_Operational'!C3 -> 0.96 | C3: ='1_Operational'!D3 -> 1307.352 | D3: ='5_Operational'!D3 -> 1307.443 | E3: ='1_Maximum'!C3 -> 69.01 | F3: ='1_Maximum'!D3 -> 1314.784 | G3: ='5_Maximum'!D3 -> 1314.586 | H3: ='1_Operational'!F3 -> 269.6 | I3: ='5_Operational'!J3 -> 351.84 | J3: ='1_Maximum'!F3:F96 -> 399 | K3: ='1_Operational'!E3 -> 3.51 | L3: ='5_Operational'!E3 -> -0.52 | M3: ='1_Maximum'!E3 -> -1.9 | N3: ='5_Maximum'!E3 -> 0.51 | O3: ='1_Operational'!N3 -> 0.06 | P3: ='5_Operational'!N3 -> 0.07 | Q3: ='1_Maximum'!N3 -> 0.1 | R3: ='5_Maximum'!N3 -> 0.08 | S3: 0.2 | T3: 0
A4: ='1_Operational'!C4 -> 1.7 | B4: ='5_Operational'!C4 -> 1.7 | C4: ='1_Operational'!D4 -> 1307.402 | D4: ='5_Operational'!D4 -> 1307.497 | E4: ='1_Maximum'!C4 -> 68.26 | F4: ='1_Maximum'!D4 -> 1314.718 | G4: ='5_Maximum'!D4 -> 1314.516 | H4: ='1_Operational'!F4 -> 267.84 | I4: ='5_Operational'!J4 -> 351.28 | J4: ='1_Maximum'!F4:F97 -> 399 | K4: ='1_Operational'!E4 -> 3.55 | L4: ='5_Operational'!E4 -> -0.6 | M4: ='1_Maximum'!E4 -> -1.7 | N4: ='5_Maximum'!E4 -> 0.7 | O4: ='1_Operational'!N4 -> 0.07 | P4: ='5_Operational'!N4 -> 0.07 | Q4: ='1_Maximum'!N4 -> 0.09 | R4: ='5_Maximum'!N4 -> 0.09 | S4: 0.2 | T4: 0
A5: ='1_Operational'!C5 -> 2.43 | B5: ='5_Operational'!C5 -> 2.43 | C5: ='1_Operational'!D5 -> 1307.446 | D5: ='5_Operational'!D5 -> 1307.557 | E5: ='1_Maximum'!C5 -> 67.51 | F5: ='1_Maximum'!D5 -> 1314.648 | G5: ='5_Maximum'!D5 -> 1314.448 | H5: ='1_Operational'!F5 -> 265.8 | I5: ='5_Operational'!J5 -> 350.48 | J5: ='1_Maximum'!F5:F98 -> 399 | K5: ='1_Operational'!E5 -> 3.52 | L5: ='5_Operational'!E5 -> -0.54 | M5: ='1_Maximum'!E5 -> -1.47 | N5: ='5_Maximum'!E5 -> 1.02 | O5: ='1_Operational'!N5 -> 0.06 | P5: ='5_Operational'!N5 -> 0.08 | Q5: ='1_Maximum'!N5 -> 0.09 | R5: ='5_Maximum'!N5 -> 0.09 | S5: 0.2 | T5: 0
A6: ='1_Operational'!C6 -> 3.16 | B6: ='5_Operational'!C6 -> 3.16 | C6: ='1_Operational'!D6 -> 1307.502 | D6: ='5_Operational'!D6 -> 1307.607 | E6: ='1_Maximum'!C6 -> 66.78 | F6: ='1_Maximum'!D6 -> 1314.579 | G6: ='5_Maximum'!D6 -> 1314.378 | H6: ='1_Operational'!F6 -> 264 | I6: ='5_Operational'!J6 -> 349.64 | J6: ='1_Maximum'!F6:F99 -> 399 | K6: ='1_Operational'!E6 -> 3.51 | L6: ='5_Operational'!E6 -> -0.54 | M6: ='1_Maximum'!E6 -> -1.23 | N6: ='5_Maximum'!E6 -> 1.17 | O6: ='1_Operational'!N6 -> 0.08 | P6: ='5_Operational'!N6 -> 0.07 | Q6: ='1_Maximum'!N6 -> 0.09 | R6: ='5_Maximum'!N6 -> 0.1 | S6: 0.2 | T6: 0
A7: ='1_Operational'!C7 -> 3.91 | B7: ='5_Operational'!C7 -> 3.91 | C7: ='1_Operational'!D7 -> 1307.554 | D7: ='5_Operational'!D7 -> 1307.663 | E7: ='1_Maximum'!C7 -> 66.04 | F7: ='1_Maximum'!D7 -> 1314.515 | G7: ='5_Maximum'!D7 -> 1314.301 | H7: ='1_Operational'!F7 -> 261.8 | I7: ='5_Operational'!J7 -> 348.64 | J7: ='1_Maximum'!F7:F100 -> 399 | K7: ='1_Operational'!E7 -> 3.56 | L7: ='5_Operational'!E7 -> -0.46 | M7: ='1_Maximum'!E7 -> -0.98 | N7: ='5_Maximum'!E7 -> 1.69 | O7: ='1_Operational'!N7 -> 0.07 | P7: ='5_Operational'!N7 -> 0.07 | Q7: ='1_Maximum'!N7 -> 0.09 | R7: ='5_Maximum'!N7 -> 0.1 | S7: 0.2 | T7: 0
A8: ='1_Operational'!C8 -> 4.64 | B8: ='5_Operational'!C8 -> 4.64 | C8: ='1_Operational'!D8 -> 1307.607 | D8: ='5_Operational'!D8 -> 1307.719 | E8: ='1_Maximum'!C8 -> 65.31 | F8: ='1_Maximum'!D8 -> 1314.436 | G8: ='5_Maximum'!D8 -> 1314.238 | H8: ='1_Operational'!F8 -> 259.72 | I8: ='5_Operational'!J8 -> 347.64 | J8: ='1_Maximum'!F8:F101 -> 399 | K8: ='1_Operational'!E8 -> 3.57 | L8: ='5_Operational'!E8 -> -0.52 | M8: ='1_Maximum'!E8 -> -0.66 | N8: ='5_Maximum'!E8 -> 1.97 | O8: ='1_Operational'!N8 -> 0.07 | P8: ='5_Operational'!N8 -> 0.08 | Q8: ='1_Maximum'!N8 -> 0.11 | R8: ='5_Maximum'!N8 -> 0.09 | S8: 0.2 | T8: 0
A9: ='1_Operational'!C9 -> 5.39 | B9: ='5_Operational'!C9 -> 5.39 | C9: ='1_Operational'!D9 -> 1307.66 | D9: ='5_Operational'!D9 -> 1307.775 | E9: ='1_Maximum'!C9 -> 64.57 | F9: ='1_Maximum'!D9 -> 1314.364 | G9: ='5_Maximum'!D9 -> 1314.166 | H9: ='1_Operational'!F9 -> 257.64 | I9: ='5_Operational'!J9 -> 346.6 | J9: ='1_Maximum'!F9:F102 -> 399 | K9: ='1_Operational'!E9 -> 3.57 | L9: ='5_Operational'!E9 -> -0.43 | M9: ='1_Maximum'!E9 -> -0.51 | N9: ='5_Maximum'!E9 -> 2.26 | O9: ='1_Operational'!N9 -> 0.07 | P9: ='5_Operational'!N9 -> 0.07 | Q9: ='1_Maximum'!N9 -> 0.1 | R9: ='5_Maximum'!N9 -> 0.1 | S9: 0.2 | T9: 0
A10: ='1_Operational'!C10 -> 6.13 | B10: ='5_Operational'!C10 -> 6.13 | C10: ='1_Operational'!D10 -> 1307.713 | D10: ='5_Operational'!D10 -> 1307.832 | E10: ='1_Maximum'!C10 -> 63.84 | F10: ='1_Maximum'!D10 -> 1314.3 | G10: ='5_Maximum'!D10 -> 1314.088 | H10: ='1_Operational'!F10 -> 255.4 | I10: ='5_Operational'!J10 -> 345.36 | J10: ='1_Maximum'!F10:F103 -> 399 | K10: ='1_Operational'!E10 -> 3.58 | L10: ='5_Operational'!E10 -> -0.34 | M10: ='1_Maximum'!E10 -> -0.35 | N10: ='5_Maximum'!E10 -> 2.68 | O10: ='1_Operational'!N10 -> 0.07 | P10: ='5_Operational'!N10 -> 0.08 | Q10: ='1_Maximum'!N10 -> 0.09 | R10: ='5_Maximum'!N10 -> 0.11 | S10: 0.2 | T10: 0
A11: ='1_Operational'!C11 -> 6.87 | B11: ='5_Operational'!C11 -> 6.87 | C11: ='1_Operational'!D11 -> 1307.768 | D11: ='5_Operational'!D11 -> 1307.891 | E11: ='1_Maximum'!C11 -> 63.09 | F11: ='1_Maximum'!D11 -> 1314.221 | G11: ='5_Maximum'!D11 -> 1314.023 | H11: ='1_Operational'!F11 -> 253.48 | I11: ='5_Operational'!J11 -> 344.08 | J11: ='1_Maximum'!F11:F104 -> 399 | K11: ='1_Operational'!E11 -> 3.58 | L11: ='5_Operational'!E11 -> -0.27 | M11: ='1_Maximum'!E11 -> -0.1 | N11: ='5_Maximum'!E11 -> 2.81 | O11: ='1_Operational'!N11 -> 0.07 | P11: ='5_Operational'!N11 -> 0.08 | Q11: ='1_Maximum'!N11 -> 0.11 | R11: ='5_Maximum'!N11 -> 0.09 | S11: 0.2 | T11: 0
A12: ='1_Operational'!C12 -> 7.63 | B12: ='5_Operational'!C12 -> 7.63 | C12: ='1_Operational'!D12 -> 1307.816 | D12: ='5_Operational'!D12 -> 1307.954 | E12: ='1_Maximum'!C12 -> 62.37 | F12: ='1_Maximum'!D12 -> 1314.151 | G12: ='5_Maximum'!D12 -> 1313.953 | H12: ='1_Operational'!F12 -> 251.36 | I12: ='5_Operational'!J12 -> 342.72 | J12: ='1_Maximum'!F12:F105 -> 399 | K12: ='1_Operational'!E12 -> 3.65 | L12: ='5_Operational'!E12 -> -0.31 | M12: ='1_Maximum'!E12 -> 0.13 | N12: ='5_Maximum'!E12 -> 3.15 | O12: ='1_Operational'!N12 -> 0.06 | P12: ='5_Operational'!N12 -> 0.08 | Q12: ='1_Maximum'!N12 -> 0.1 | R12: ='5_Maximum'!N12 -> 0.1 | S12: 0.2 | T12: 0
A13: ='1_Operational'!C13 -> 8.36 | B13: ='5_Operational'!C13 -> 8.36 | C13: ='1_Operational'!D13 -> 1307.873 | D13: ='5_Operational'!D13 -> 1308.013 | E13: ='1_Maximum'!C13 -> 61.62 | F13: ='1_Maximum'!D13 -> 1314.077 | G13: ='5_Maximum'!D13 -> 1313.881 | H13: ='1_Operational'!F13 -> 249.72 | I13: ='5_Operational'!J13 -> 341.36 | J13: ='1_Maximum'!F13:F106 -> 399 | K13: ='1_Operational'!E13 -> 3.64 | L13: ='5_Operational'!E13 -> -0.33 | M13: ='1_Maximum'!E13 -> 0.31 | N13: ='5_Maximum'!E13 -> 3.62 | O13: ='1_Operational'!N13 -> 0.08 | P13: ='5_Operational'!N13 -> 0.08 | Q13: ='1_Maximum'!N13 -> 0.1 | R13: ='5_Maximum'!N13 -> 0.1 | S13: 0.2 | T13: 0
... A95: ='1_Operational'!C95 -> 69.34 | B95: ='5_Operational'!C95 -> 69.34 | C95: ='1_Operational'!D95 -> 1314.287 | D95: ='5_Operational'!D95 -> 1314.099 | E95: ='1_Maximum'!C95 -> 0.54 | F95: ='1_Maximum'!D95 -> 1308.216 | G95: ='5_Maximum'!D95 -> 1308.013 | H95: ='1_Operational'!F95 -> 399 | I95: ='5_Operational'!J95 -> 399 | J95: ='1_Maximum'!F95:F188 -> 399 | K95: ='1_Operational'!E95 -> -0.36 | L95: ='5_Operational'!E95 -> -2.21 | M95: ='1_Maximum'!E95 -> 7.24 | N95: ='5_Maximum'!E95 -> 9.31 | O95: ='1_Operational'!N95 -> 0.11 | P95: ='5_Operational'!N95 -> 0.11 | Q95: ='1_Maximum'!N95 -> 0.1 | R95: ='5_Maximum'!N95 -> 0.08 | S95: 0.2 | T95: 0
A96: ='1_Operational'!C96 -> 69.97 | B96: ='5_Operational'!C96 -> 69.97 | C96: ='1_Operational'!D96 -> 1314.367 | D96: ='5_Operational'!D96 -> 1314.163 | H96: ='1_Operational'!F96 -> 399 | I96: ='5_Operational'!J96 -> 399 | J96: ='1_Maximum'!F96:F189 -> 0 | K96: ='1_Operational'!E96 -> -0.53 | L96: ='5_Operational'!E96 -> -2.34 | M96: ='1_Maximum'!E96 -> 0 | N96: ='5_Maximum'!E96 -> 0 | O96: ='1_Operational'!N96 -> 0.13 | P96: ='5_Operational'!N96 -> 0.1 | Q96: ='1_Maximum'!N96 -> 0 | R96: ='5_Maximum'!N96 -> 0 | S96: 0.2 | T96: 0

Sheet 1_Operational
A1: [CHNumber] | B1: [Times] | C1: [Case_Temp] | D1: [Wavelength] | E1: [TXP] | F1: [CH1_DDMI_Bias] | G1: [CH2_DDMI_Bias] | H1: [CH3_DDMI_Bias] | I1: [CH4_DDMI_Bias] | J1: [CH5_DDMI_Bias] | K1: [CH6_DDMI_Bias] | L1: [CH7_DDMI_Bias] | M1: [CH8_DDMI_Bias] | N1: [dW/dT] | O1: [Peak_WL_Jump_Max] | P1: [Peak_WL_Jump_Min] | Q1: [Peak_WL_Jump_Avg] | R1: [CH_Pass_Fail] | S1: [FailureCodeID] | T1: [ErrorMessage]
A2: =IF(ROWS($2:2)>COUNTIF(Operational_RawData!$A:$A,"1_Operational"),"",INDEX(Operational_RawData!A:A,MATCH("1_Operational",Operational_RawData!$A:$A,0)+ROWS($2:2)-1)) -> 1_Operational | B2: =IF(ROWS($2:2)>COUNTIF(Operational_RawData!$A:$A,"1_Operational"),"",INDEX(Operational_RawData!B:B,MATCH("1_Operational",Operational_RawData!$A:$A,0)+ROWS($2:2)-1)) -> 144406.82 | C2: =IF(ROWS($2:2)>COUNTIF(Operational_RawData!$A:$A,"1_Operational"),"",INDEX(Operational_RawData!C:C,MATCH("1_Operational",Operational_RawData!$A:$A,0)+ROWS($2:2)-1)) -> 0.2 | D2: =IF(ROWS($2:2)>COUNTIF(Operational_RawData!$A:$A,"1_Operational"),"",INDEX(Operational_RawData!D:D,MATCH("1_Operational",Operational_RawData!$A:$A,0)+ROWS($2:2)-1)) -> 1307.305 | E2: =IF(ROWS($2:2)>COUNTIF(Operational_RawData!$A:$A,"1_Operational"),"",INDEX(Operational_RawData!E:E,MATCH("1_Operational",Operational_RawData!$A:$A,0)+ROWS($2:2)-1)) -> 3.46 | F2: =IF(ROWS($2:2)>COUNTIF(Operational_RawData!$A:$A,"1_Operational"),"",INDEX(Operational_RawData!F:F,MATCH("1_Operational",Operational_RawData!$A:$A,0)+ROWS($2:2)-1)) -> 271.12 | G2: =IF(ROWS($2:2)>COUNTIF(Operational_RawData!$A:$A,"1_Operational"),"",INDEX(Operational_RawData!G:G,MATCH("1_Operational",Operational_RawData!$A:$A,0)+ROWS($2:2)-1)) -> 271.12 | H2: =IF(ROWS($2:2)>COUNTIF(Operational_RawData!$A:$A,"1_Operational"),"",INDEX(Operational_RawData!H:H,MATCH("1_Operational",Operational_RawData!$A:$A,0)+ROWS($2:2)-1)) -> 271.12 | I2: =IF(ROWS($2:2)>COUNTIF(Operational_RawData!$A:$A,"1_Operational"),"",INDEX(Operational_RawData!I:I,MATCH("1_Operational",Operational_RawData!$A:$A,0)+ROWS($2:2)-1)) -> 271.12 | J2: =IF(ROWS($2:2)>COUNTIF(Operational_RawData!$A:$A,"1_Operational"),"",INDEX(Operational_RawData!J:J,MATCH("1_Operational",Operational_RawData!$A:$A,0)+ROWS($2:2)-1)) -> 352.24 | K2: =IF(ROWS($2:2)>COUNTIF(Operational_RawData!$A:$A,"1_Operational"),"",INDEX(Operational_RawData!K:K,MATCH("1_Operational",Operational_RawData!$A:$A,0)+ROWS($2:2)-1)) -> 352.24 | L2: =IF(ROWS($2:2)>COUNTIF(Operational_RawData!$A:$A,"1_Operational"),"",INDEX(Operational_RawData!L:L,MATCH("1_Operational",Operational_RawData!$A:$A,0)+ROWS($2:2)-1)) -> 352.24 | M2: =IF(ROWS($2:2)>COUNTIF(Operational_RawData!$A:$A,"1_Operational"),"",INDEX(Operational_RawData!M:M,MATCH("1_Operational",Operational_RawData!$A:$A,0)+ROWS($2:2)-1)) -> 352.24 | N2: =IF(ROWS($2:2)>COUNTIF(Operational_RawData!$A:$A,"1_Operational"),"",INDEX(Operational_RawData!N:N,MATCH("1_Operational",Operational_RawData!$A:$A,0)+ROWS($2:2)-1)) -> 0.06 | O2: =IF(ROWS($2:2)>COUNTIF(Operational_RawData!$A:$A,"1_Operational"),"",INDEX(Operational_RawData!O:O,MATCH("1_Operational",Operational_RawData!$A:$A,0)+ROWS($2:2)-1)) -> 0.19 | P2: =IF(ROWS($2:2)>COUNTIF(Operational_RawData!$A:$A,"1_Operational"),"",INDEX(Operational_RawData!P:P,MATCH("1_Operational",Operational_RawData!$A:$A,0)+ROWS($2:2)-1)) -> 0.06 | Q2: =IF(ROWS($2:2)>COUNTIF(Operational_RawData!$A:$A,"1_Operational"),"",INDEX(Operational_RawData!Q:Q,MATCH("1_Operational",Operational_RawData!$A:$A,0)+ROWS($2:2)-1)) -> 0.1 | R2: =IF(ROWS($2:2)>COUNTIF(Operational_RawData!$A:$A,"1_Operational"),"",INDEX(Operational_RawData!R:R,MATCH("1_Operational",Operational_RawData!$A:$A,0)+ROWS($2:2)-1)) -> Pass | S2: =IF(ROWS($2:2)>COUNTIF(Operational_RawData!$A:$A,"1_Operational"),"",INDEX(Operational_RawData!S:S,MATCH("1_Operational",Operational_RawData!$A:$A,0)+ROWS($2:2)-1)) -> 0 | T2: =IF(ROWS($2:2)>COUNTIF(Operational_RawData!$A:$A,"1_Operational"),"",INDEX(Operational_RawData!T:T,MATCH("1_Operational",Operational_RawData!$A:$A,0)+ROWS($2:2)-1)) -> 0
A3: =IF(ROWS($2:3)>COUNTIF(Operational_RawData!$A:$A,"1_Operational"),"",INDEX(Operational_RawData!A:A,MATCH("1_Operational",Operational_RawData!$A:$A,0)+ROWS($2:3)-1)) -> 1_Operational | B3: =IF(ROWS($2:3)>COUNTIF(Operational_RawData!$A:$A,"1_Operational"),"",INDEX(Operational_RawData!B:B,MATCH("1_Operational",Operational_RawData!$A:$A,0)+ROWS($2:3)-1)) -> 144411.82 | C3: =IF(ROWS($2:3)>COUNTIF(Operational_RawData!$A:$A,"1_Operational"),"",INDEX(Operational_RawData!C:C,MATCH("1_Operational",Operational_RawData!$A:$A,0)+ROWS($2:3)-1)) -> 0.96 | D3: =IF(ROWS($2:3)>COUNTIF(Operational_RawData!$A:$A,"1_Operational"),"",INDEX(Operational_RawData!D:D,MATCH("1_Operational",Operational_RawData!$A:$A,0)+ROWS($2:3)-1)) -> 1307.352 | E3: =IF(ROWS($2:3)>COUNTIF(Operational_RawData!$A:$A,"1_Operational"),"",INDEX(Operational_RawData!E:E,MATCH("1_Operational",Operational_RawData!$A:$A,0)+ROWS($2:3)-1)) -> 3.51 | F3: =IF(ROWS($2:3)>COUNTIF(Operational_RawData!$A:$A,"1_Operational"),"",INDEX(Operational_RawData!F:F,MATCH("1_Operational",Operational_RawData!$A:$A,0)+ROWS($2:3)-1)) -> 269.6 | G3: =IF(ROWS($2:3)>COUNTIF(Operational_RawData!$A:$A,"1_Operational"),"",INDEX(Operational_RawData!G:G,MATCH("1_Operational",Operational_RawData!$A:$A,0)+ROWS($2:3)-1)) -> 269.6 | H3: =IF(ROWS($2:3)>COUNTIF(Operational_RawData!$A:$A,"1_Operational"),"",INDEX(Operational_RawData!H:H,MATCH("1_Operational",Operational_RawData!$A:$A,0)+ROWS($2:3)-1)) -> 269.6 | I3: =IF(ROWS($2:3)>COUNTIF(Operational_RawData!$A:$A,"1_Operational"),"",INDEX(Operational_RawData!I:I,MATCH("1_Operational",Operational_RawData!$A:$A,0)+ROWS($2:3)-1)) -> 269.6 | J3: =IF(ROWS($2:3)>COUNTIF(Operational_RawData!$A:$A,"1_Operational"),"",INDEX(Operational_RawData!J:J,MATCH("1_Operational",Operational_RawData!$A:$A,0)+ROWS($2:3)-1)) -> 351.84 | K3: =IF(ROWS($2:3)>COUNTIF(Operational_RawData!$A:$A,"1_Operational"),"",INDEX(Operational_RawData!K:K,MATCH("1_Operational",Operational_RawData!$A:$A,0)+ROWS($2:3)-1)) -> 351.84 | L3: =IF(ROWS($2:3)>COUNTIF(Operational_RawData!$A:$A,"1_Operational"),"",INDEX(Operational_RawData!L:L,MATCH("1_Operational",Operational_RawData!$A:$A,0)+ROWS($2:3)-1)) -> 351.84 | M3: =IF(ROWS($2:3)>COUNTIF(Operational_RawData!$A:$A,"1_Operational"),"",INDEX(Operational_RawData!M:M,MATCH("1_Operational",Operational_RawData!$A:$A,0)+ROWS($2:3)-1)) -> 351.84 | N3: =IF(ROWS($2:3)>COUNTIF(Operational_RawData!$A:$A,"1_Operational"),"",INDEX(Operational_RawData!N:N,MATCH("1_Operational",Operational_RawData!$A:$A,0)+ROWS($2:3)-1)) -> 0.06 | O3: =IF(ROWS($2:3)>COUNTIF(Operational_RawData!$A:$A,"1_Operational"),"",INDEX(Operational_RawData!O:O,MATCH("1_Operational",Operational_RawData!$A:$A,0)+ROWS($2:3)-1)) -> 0.19 | P3: =IF(ROWS($2:3)>COUNTIF(Operational_RawData!$A:$A,"1_Operational"),"",INDEX(Operational_RawData!P:P,MATCH("1_Operational",Operational_RawData!$A:$A,0)+ROWS($2:3)-1)) -> 0.06 | Q3: =IF(ROWS($2:3)>COUNTIF(Operational_RawData!$A:$A,"1_Operational"),"",INDEX(Operational_RawData!Q:Q,MATCH("1_Operational",Operational_RawData!$A:$A,0)+ROWS($2:3)-1)) -> 0.1 | R3: =IF(ROWS($2:3)>COUNTIF(Operational_RawData!$A:$A,"1_Operational"),"",INDEX(Operational_RawData!R:R,MATCH("1_Operational",Operational_RawData!$A:$A,0)+ROWS($2:3)-1)) -> Pass | S3: =IF(ROWS($2:3)>COUNTIF(Operational_RawData!$A:$A,"1_Operational"),"",INDEX(Operational_RawData!S:S,MATCH("1_Operational",Operational_RawData!$A:$A,0)+ROWS($2:3)-1)) -> 0 | T3: =IF(ROWS($2:3)>COUNTIF(Operational_RawData!$A:$A,"1_Operational"),"",INDEX(Operational_RawData!T:T,MATCH("1_Operational",Operational_RawData!$A:$A,0)+ROWS($2:3)-1)) -> 0
A4: =IF(ROWS($2:4)>COUNTIF(Operational_RawData!$A:$A,"1_Operational"),"",INDEX(Operational_RawData!A:A,MATCH("1_Operational",Operational_RawData!$A:$A,0)+ROWS($2:4)-1)) -> 1_Operational | B4: =IF(ROWS($2:4)>COUNTIF(Operational_RawData!$A:$A,"1_Operational"),"",INDEX(Operational_RawData!B:B,MATCH("1_Operational",Operational_RawData!$A:$A,0)+ROWS($2:4)-1)) -> 144416.82 | C4: =IF(ROWS($2:4)>COUNTIF(Operational_RawData!$A:$A,"1_Operational"),"",INDEX(Operational_RawData!C:C,MATCH("1_Operational",Operational_RawData!$A:$A,0)+ROWS($2:4)-1)) -> 1.7 | D4: =IF(ROWS($2:4)>COUNTIF(Operational_RawData!$A:$A,"1_Operational"),"",INDEX(Operational_RawData!D:D,MATCH("1_Operational",Operational_RawData!$A:$A,0)+ROWS($2:4)-1)) -> 1307.402 | E4: =IF(ROWS($2:4)>COUNTIF(Operational_RawData!$A:$A,"1_Operational"),"",INDEX(Operational_RawData!E:E,MATCH("1_Operational",Operational_RawData!$A:$A,0)+ROWS($2:4)-1)) -> 3.55 | F4: =IF(ROWS($2:4)>COUNTIF(Operational_RawData!$A:$A,"1_Operational"),"",INDEX(Operational_RawData!F:F,MATCH("1_Operational",Operational_RawData!$A:$A,0)+ROWS($2:4)-1)) -> 267.84 | G4: =IF(ROWS($2:4)>COUNTIF(Operational_RawData!$A:$A,"1_Operational"),"",INDEX(Operational_RawData!G:G,MATCH("1_Operational",Operational_RawData!$A:$A,0)+ROWS($2:4)-1)) -> 267.84 | H4: =IF(ROWS($2:4)>COUNTIF(Operational_RawData!$A:$A,"1_Operational"),"",INDEX(Operational_RawData!H:H,MATCH("1_Operational",Operational_RawData!$A:$A,0)+ROWS($2:4)-1)) -> 267.84 | I4: =IF(ROWS($2:4)>COUNTIF(Operational_RawData!$A:$A,"1_Operational"),"",INDEX(Operational_RawData!I:I,MATCH("1_Operational",Operational_RawData!$A:$A,0)+ROWS($2:4)-1)) -> 267.84 | J4: =IF(ROWS($2:4)>COUNTIF(Operational_RawData!$A:$A,"1_Operational"),"",INDEX(Operational_RawData!J:J,MATCH("1_Operational",Operational_RawData!$A:$A,0)+ROWS($2:4)-1)) -> 351.28 | K4: =IF(ROWS($2:4)>COUNTIF(Operational_RawData!$A:$A,"1_Operational"),"",INDEX(Operational_RawData!K:K,MATCH("1_Operational",Operational_RawData!$A:$A,0)+ROWS($2:4)-1)) -> 351.28 | L4: =IF(ROWS($2:4)>COUNTIF(Operational_RawData!$A:$A,"1_Operational"),"",INDEX(Operational_RawData!L:L,MATCH("1_Operational",Operational_RawData!$A:$A,0)+ROWS($2:4)-1)) -> 351.28 | M4: =IF(ROWS($2:4)>COUNTIF(Operational_RawData!$A:$A,"1_Operational"),"",INDEX(Operational_RawData!M:M,MATCH("1_Operational",Operational_RawData!$A:$A,0)+ROWS($2:4)-1)) -> 351.28 | N4: =IF(ROWS($2:4)>COUNTIF(Operational_RawData!$A:$A,"1_Operational"),"",INDEX(Operational_RawData!N:N,MATCH("1_Operational",Operational_RawData!$A:$A,0)+ROWS($2:4)-1)) -> 0.07 | O4: =IF(ROWS($2:4)>COUNTIF(Operational_RawData!$A:$A,"1_Operational"),"",INDEX(Operational_RawData!O:O,MATCH("1_Operational",Operational_RawData!$A:$A,0)+ROWS($2:4)-1)) -> 0.19 | P4: =IF(ROWS($2:4)>COUNTIF(Operational_RawData!$A:$A,"1_Operational"),"",INDEX(Operational_RawData!P:P,MATCH("1_Operational",Operational_RawData!$A:$A,0)+ROWS($2:4)-1)) -> 0.06 | Q4: =IF(ROWS($2:4)>COUNTIF(Operational_RawData!$A:$A,"1_Operational"),"",INDEX(Operational_RawData!Q:Q,MATCH("1_Operational",Operational_RawData!$A:$A,0)+ROWS($2:4)-1)) -> 0.1 | R4: =IF(ROWS($2:4)>COUNTIF(Operational_RawData!$A:$A,"1_Operational"),"",INDEX(Operational_RawData!R:R,MATCH("1_Operational",Operational_RawData!$A:$A,0)+ROWS($2:4)-1)) -> Pass | S4: =IF(ROWS($2:4)>COUNTIF(Operational_RawData!$A:$A,"1_Operational"),"",INDEX(Operational_RawData!S:S,MATCH("1_Operational",Operational_RawData!$A:$A,0)+ROWS($2:4)-1)) -> 0 | T4: =IF(ROWS($2:4)>COUNTIF(Operational_RawData!$A:$A,"1_Operational"),"",INDEX(Operational_RawData!T:T,MATCH("1_Operational",Operational_RawData!$A:$A,0)+ROWS($2:4)-1)) -> 0
A5: =IF(ROWS($2:5)>COUNTIF(Operational_RawData!$A:$A,"1_Operational"),"",INDEX(Operational_RawData!A:A,MATCH("1_Operational",Operational_RawData!$A:$A,0)+ROWS($2:5)-1)) -> 1_Operational | B5: =IF(ROWS($2:5)>COUNTIF(Operational_RawData!$A:$A,"1_Operational"),"",INDEX(Operational_RawData!B:B,MATCH("1_Operational",Operational_RawData!$A:$A,0)+ROWS($2:5)-1)) -> 144421.83 | C5: =IF(ROWS($2:5)>COUNTIF(Operational_RawData!$A:$A,"1_Operational"),"",INDEX(Operational_RawData!C:C,MATCH("1_Operational",Operational_RawData!$A:$A,0)+ROWS($2:5)-1)) -> 2.43 | D5: =IF(ROWS($2:5)>COUNTIF(Operational_RawData!$A:$A,"1_Operational"),"",INDEX(Operational_RawData!D:D,MATCH("1_Operational",Operational_RawData!$A:$A,0)+ROWS($2:5)-1)) -> 1307.446 | E5: =IF(ROWS($2:5)>COUNTIF(Operational_RawData!$A:$A,"1_Operational"),"",INDEX(Operational_RawData!E:E,MATCH("1_Operational",Operational_RawData!$A:$A,0)+ROWS($2:5)-1)) -> 3.52 | F5: =IF(ROWS($2:5)>COUNTIF(Operational_RawData!$A:$A,"1_Operational"),"",INDEX(Operational_RawData!F:F,MATCH("1_Operational",Operational_RawData!$A:$A,0)+ROWS($2:5)-1)) -> 265.8 | G5: =IF(ROWS($2:5)>COUNTIF(Operational_RawData!$A:$A,"1_Operational"),"",INDEX(Operational_RawData!G:G,MATCH("1_Operational",Operational_RawData!$A:$A,0)+ROWS($2:5)-1)) -> 265.8 | H5: =IF(ROWS($2:5)>COUNTIF(Operational_RawData!$A:$A,"1_Operational"),"",INDEX(Operational_RawData!H:H,MATCH("1_Operational",Operational_RawData!$A:$A,0)+ROWS($2:5)-1)) -> 265.8 | I5: =IF(ROWS($2:5)>COUNTIF(Operational_RawData!$A:$A,"1_Operational"),"",INDEX(Operational_RawData!I:I,MATCH("1_Operational",Operational_RawData!$A:$A,0)+ROWS($2:5)-1)) -> 265.8 | J5: =IF(ROWS($2:5)>COUNTIF(Operational_RawData!$A:$A,"1_Operational"),"",INDEX(Operational_RawData!J:J,MATCH("1_Operational",Operational_RawData!$A:$A,0)+ROWS($2:5)-1)) -> 350.48 | K5: =IF(ROWS($2:5)>COUNTIF(Operational_RawData!$A:$A,"1_Operational"),"",INDEX(Operational_RawData!K:K,MATCH("1_Operational",Operational_RawData!$A:$A,0)+ROWS($2:5)-1)) -> 350.48 | L5: =IF(ROWS($2:5)>COUNTIF(Operational_RawData!$A:$A,"1_Operational"),"",INDEX(Operational_RawData!L:L,MATCH("1_Operational",Operational_RawData!$A:$A,0)+ROWS($2:5)-1)) -> 350.48 | M5: =IF(ROWS($2:5)>COUNTIF(Operational_RawData!$A:$A,"1_Operational"),"",INDEX(Operational_RawData!M:M,MATCH("1_Operational",Operational_RawData!$A:$A,0)+ROWS($2:5)-1)) -> 350.48 | N5: =IF(ROWS($2:5)>COUNTIF(Operational_RawData!$A:$A,"1_Operational"),"",INDEX(Operational_RawData!N:N,MATCH("1_Operational",Operational_RawData!$A:$A,0)+ROWS($2:5)-1)) -> 0.06 | O5: =IF(ROWS($2:5)>COUNTIF(Operational_RawData!$A:$A,"1_Operational"),"",INDEX(Operational_RawData!O:O,MATCH("1_Operational",Operational_RawData!$A:$A,0)+ROWS($2:5)-1)) -> 0.19 | P5: =IF(ROWS($2:5)>COUNTIF(Operational_RawData!$A:$A,"1_Operational"),"",INDEX(Operational_RawData!P:P,MATCH("1_Operational",Operational_RawData!$A:$A,0)+ROWS($2:5)-1)) -> 0.06 | Q5: =IF(ROWS($2:5)>COUNTIF(Operational_RawData!$A:$A,"1_Operational"),"",INDEX(Operational_RawData!Q:Q,MATCH("1_Operational",Operational_RawData!$A:$A,0)+ROWS($2:5)-1)) -> 0.1 | R5: =IF(ROWS($2:5)>COUNTIF(Operational_RawData!$A:$A,"1_Operational"),"",INDEX(Operational_RawData!R:R,MATCH("1_Operational",Operational_RawData!$A:$A,0)+ROWS($2:5)-1)) -> Pass | S5: =IF(ROWS($2:5)>COUNTIF(Operational_RawData!$A:$A,"1_Operational"),"",INDEX(Operational_RawData!S:S,MATCH("1_Operational",Operational_RawData!$A:$A,0)+ROWS($2:5)-1)) -> 0 | T5: =IF(ROWS($2:5)>COUNTIF(Operational_RawData!$A:$A,"1_Operational"),"",INDEX(Operational_RawData!T:T,MATCH("1_Operational",Operational_RawData!$A:$A,0)+ROWS($2:5)-1)) -> 0
A6: =IF(ROWS($2:6)>COUNTIF(Operational_RawData!$A:$A,"1_Operational"),"",INDEX(Operational_RawData!A:A,MATCH("1_Operational",Operational_RawData!$A:$A,0)+ROWS($2:6)-1)) -> 1_Operational | B6: =IF(ROWS($2:6)>COUNTIF(Operational_RawData!$A:$A,"1_Operational"),"",INDEX(Operational_RawData!B:B,MATCH("1_Operational",Operational_RawData!$A:$A,0)+ROWS($2:6)-1)) -> 144426.83 | C6: =IF(ROWS($2:6)>COUNTIF(Operational_RawData!$A:$A,"1_Operational"),"",INDEX(Operational_RawData!C:C,MATCH("1_Operational",Operational_RawData!$A:$A,0)+ROWS($2:6)-1)) -> 3.16 | D6: =IF(ROWS($2:6)>COUNTIF(Operational_RawData!$A:$A,"1_Operational"),"",INDEX(Operational_RawData!D:D,MATCH("1_Operational",Operational_RawData!$A:$A,0)+ROWS($2:6)-1)) -> 1307.502 | E6: =IF(ROWS($2:6)>COUNTIF(Operational_RawData!$A:$A,"1_Operational"),"",INDEX(Operational_RawData!E:E,MATCH("1_Operational",Operational_RawData!$A:$A,0)+ROWS($2:6)-1)) -> 3.51 | F6: =IF(ROWS($2:6)>COUNTIF(Operational_RawData!$A:$A,"1_Operational"),"",INDEX(Operational_RawData!F:F,MATCH("1_Operational",Operational_RawData!$A:$A,0)+ROWS($2:6)-1)) -> 264 | G6: =IF(ROWS($2:6)>COUNTIF(Operational_RawData!$A:$A,"1_Operational"),"",INDEX(Operational_RawData!G:G,MATCH("1_Operational",Operational_RawData!$A:$A,0)+ROWS($2:6)-1)) -> 264 | H6: =IF(ROWS($2:6)>COUNTIF(Operational_RawData!$A:$A,"1_Operational"),"",INDEX(Operational_RawData!H:H,MATCH("1_Operational",Operational_RawData!$A:$A,0)+ROWS($2:6)-1)) -> 264 | I6: =IF(ROWS($2:6)>COUNTIF(Operational_RawData!$A:$A,"1_Operational"),"",INDEX(Operational_RawData!I:I,MATCH("1_Operational",Operational_RawData!$A:$A,0)+ROWS($2:6)-1)) -> 264 | J6: =IF(ROWS($2:6)>COUNTIF(Operational_RawData!$A:$A,"1_Operational"),"",INDEX(Operational_RawData!J:J,MATCH("1_Operational",Operational_RawData!$A:$A,0)+ROWS($2:6)-1)) -> 349.64 | K6: =IF(ROWS($2:6)>COUNTIF(Operational_RawData!$A:$A,"1_Operational"),"",INDEX(Operational_RawData!K:K,MATCH("1_Operational",Operational_RawData!$A:$A,0)+ROWS($2:6)-1)) -> 349.64 | L6: =IF(ROWS($2:6)>COUNTIF(Operational_RawData!$A:$A,"1_Operational"),"",INDEX(Operational_RawData!L:L,MATCH("1_Operational",Operational_RawData!$A:$A,0)+ROWS($2:6)-1)) -> 349.64 | M6: =IF(ROWS($2:6)>COUNTIF(Operational_RawData!$A:$A,"1_Operational"),"",INDEX(Operational_RawData!M:M,MATCH("1_Operational",Operational_RawData!$A:$A,0)+ROWS($2:6)-1)) -> 349.64 | N6: =IF(ROWS($2:6)>COUNTIF(Operational_RawData!$A:$A,"1_Operational"),"",INDEX(Operational_RawData!N:N,MATCH("1_Operational",Operational_RawData!$A:$A,0)+ROWS($2:6)-1)) -> 0.08 | O6: =IF(ROWS($2:6)>COUNTIF(Operational_RawData!$A:$A,"1_Operational"),"",INDEX(Operational_RawData!O:O,MATCH("1_Operational",Operational_RawData!$A:$A,0)+ROWS($2:6)-1)) -> 0.19 | P6: =IF(ROWS($2:6)>COUNTIF(Operational_RawData!$A:$A,"1_Operational"),"",INDEX(Operational_RawData!P:P,MATCH("1_Operational",Operational_RawData!$A:$A,0)+ROWS($2:6)-1)) -> 0.06 | Q6: =IF(ROWS($2:6)>COUNTIF(Operational_RawData!$A:$A,"1_Operational"),"",INDEX(Operational_RawData!Q:Q,MATCH("1_Operational",Operational_RawData!$A:$A,0)+ROWS($2:6)-1)) -> 0.1 | R6: =IF(ROWS($2:6)>COUNTIF(Operational_RawData!$A:$A,"1_Operational"),"",INDEX(Operational_RawData!R:R,MATCH("1_Operational",Operational_RawData!$A:$A,0)+ROWS($2:6)-1)) -> Pass | S6: =IF(ROWS($2:6)>COUNTIF(Operational_RawData!$A:$A,"1_Operational"),"",INDEX(Operational_RawData!S:S,MATCH("1_Operational",Operational_RawData!$A:$A,0)+ROWS($2:6)-1)) -> 0 | T6: =IF(ROWS($2:6)>COUNTIF(Operational_RawData!$A:$A,"1_Operational"),"",INDEX(Operational_RawData!T:T,MATCH("1_Operational",Operational_RawData!$A:$A,0)+ROWS($2:6)-1)) -> 0
A7: =IF(ROWS($2:7)>COUNTIF(Operational_RawData!$A:$A,"1_Operational"),"",INDEX(Operational_RawData!A:A,MATCH("1_Operational",Operational_RawData!$A:$A,0)+ROWS($2:7)-1)) -> 1_Operational | B7: =IF(ROWS($2:7)>COUNTIF(Operational_RawData!$A:$A,"1_Operational"),"",INDEX(Operational_RawData!B:B,MATCH("1_Operational",Operational_RawData!$A:$A,0)+ROWS($2:7)-1)) -> 144431.83 | C7: =IF(ROWS($2:7)>COUNTIF(Operational_RawData!$A:$A,"1_Operational"),"",INDEX(Operational_RawData!C:C,MATCH("1_Operational",Operational_RawData!$A:$A,0)+ROWS($2:7)-1)) -> 3.91 | D7: =IF(ROWS($2:7)>COUNTIF(Operational_RawData!$A:$A,"1_Operational"),"",INDEX(Operational_RawData!D:D,MATCH("1_Operational",Operational_RawData!$A:$A,0)+ROWS($2:7)-1)) -> 1307.554 | E7: =IF(ROWS($2:7)>COUNTIF(Operational_RawData!$A:$A,"1_Operational"),"",INDEX(Operational_RawData!E:E,MATCH("1_Operational",Operational_RawData!$A:$A,0)+ROWS($2:7)-1)) -> 3.56 | F7: =IF(ROWS($2:7)>COUNTIF(Operational_RawData!$A:$A,"1_Operational"),"",INDEX(Operational_RawData!F:F,MATCH("1_Operational",Operational_RawData!$A:$A,0)+ROWS($2:7)-1)) -> 261.8 | G7: =IF(ROWS($2:7)>COUNTIF(Operational_RawData!$A:$A,"1_Operational"),"",INDEX(Operational_RawData!G:G,MATCH("1_Operational",Operational_RawData!$A:$A,0)+ROWS($2:7)-1)) -> 261.8 | H7: =IF(ROWS($2:7)>COUNTIF(Operational_RawData!$A:$A,"1_Operational"),"",INDEX(Operational_RawData!H:H,MATCH("1_Operational",Operational_RawData!$A:$A,0)+ROWS($2:7)-1)) -> 261.8 | I7: =IF(ROWS($2:7)>COUNTIF(Operational_RawData!$A:$A,"1_Operational"),"",INDEX(Operational_RawData!I:I,MATCH("1_Operational",Operational_RawData!$A:$A,0)+ROWS($2:7)-1)) -> 261.8 | J7: =IF(ROWS($2:7)>COUNTIF(Operational_RawData!$A:$A,"1_Operational"),"",INDEX(Operational_RawData!J:J,MATCH("1_Operational",Operational_RawData!$A:$A,0)+ROWS($2:7)-1)) -> 348.64 | K7: =IF(ROWS($2:7)>COUNTIF(Operational_RawData!$A:$A,"1_Operational"),"",INDEX(Operational_RawData!K:K,MATCH("1_Operational",Operational_RawData!$A:$A,0)+ROWS($2:7)-1)) -> 348.64 | L7: =IF(ROWS($2:7)>COUNTIF(Operational_RawData!$A:$A,"1_Operational"),"",INDEX(Operational_RawData!L:L,MATCH("1_Operational",Operational_RawData!$A:$A,0)+ROWS($2:7)-1)) -> 348.64 | M7: =IF(ROWS($2:7)>COUNTIF(Operational_RawData!$A:$A,"1_Operational"),"",INDEX(Operational_RawData!M:M,MATCH("1_Operational",Operational_RawData!$A:$A,0)+ROWS($2:7)-1)) -> 348.64 | N7: =IF(ROWS($2:7)>COUNTIF(Operational_RawData!$A:$A,"1_Operational"),"",INDEX(Operational_RawData!N:N,MATCH("1_Operational",Operational_RawData!$A:$A,0)+ROWS($2:7)-1)) -> 0.07 | O7: =IF(ROWS($2:7)>COUNTIF(Operational_RawData!$A:$A,"1_Operational"),"",INDEX(Operational_RawData!O:O,MATCH("1_Operational",Operational_RawData!$A:$A,0)+ROWS($2:7)-1)) -> 0.19 | P7: =IF(ROWS($2:7)>COUNTIF(Operational_RawData!$A:$A,"1_Operational"),"",INDEX(Operational_RawData!P:P,MATCH("1_Operational",Operational_RawData!$A:$A,0)+ROWS($2:7)-1)) -> 0.06 | Q7: =IF(ROWS($2:7)>COUNTIF(Operational_RawData!$A:$A,"1_Operational"),"",INDEX(Operational_RawData!Q:Q,MATCH("1_Operational",Operational_RawData!$A:$A,0)+ROWS($2:7)-1)) -> 0.1 | R7: =IF(ROWS($2:7)>COUNTIF(Operational_RawData!$A:$A,"1_Operational"),"",INDEX(Operational_RawData!R:R,MATCH("1_Operational",Operational_RawData!$A:$A,0)+ROWS($2:7)-1)) -> Pass | S7: =IF(ROWS($2:7)>COUNTIF(Operational_RawData!$A:$A,"1_Operational"),"",INDEX(Operational_RawData!S:S,MATCH("1_Operational",Operational_RawData!$A:$A,0)+ROWS($2:7)-1)) -> 0 | T7: =IF(ROWS($2:7)>COUNTIF(Operational_RawData!$A:$A,"1_Operational"),"",INDEX(Operational_RawData!T:T,MATCH("1_Operational",Operational_RawData!$A:$A,0)+ROWS($2:7)-1)) -> 0
A8: =IF(ROWS($2:8)>COUNTIF(Operational_RawData!$A:$A,"1_Operational"),"",INDEX(Operational_RawData!A:A,MATCH("1_Operational",Operational_RawData!$A:$A,0)+ROWS($2:8)-1)) -> 1_Operational | B8: =IF(ROWS($2:8)>COUNTIF(Operational_RawData!$A:$A,"1_Operational"),"",INDEX(Operational_RawData!B:B,MATCH("1_Operational",Operational_RawData!$A:$A,0)+ROWS($2:8)-1)) -> 144436.84 | C8: =IF(ROWS($2:8)>COUNTIF(Operational_RawData!$A:$A,"1_Operational"),"",INDEX(Operational_RawData!C:C,MATCH("1_Operational",Operational_RawData!$A:$A,0)+ROWS($2:8)-1)) -> 4.64 | D8: =IF(ROWS($2:8)>COUNTIF(Operational_RawData!$A:$A,"1_Operational"),"",INDEX(Operational_RawData!D:D,MATCH("1_Operational",Operational_RawData!$A:$A,0)+ROWS($2:8)-1)) -> 1307.607 | E8: =IF(ROWS($2:8)>COUNTIF(Operational_RawData!$A:$A,"1_Operational"),"",INDEX(Operational_RawData!E:E,MATCH("1_Operational",Operational_RawData!$A:$A,0)+ROWS($2:8)-1)) -> 3.57 | F8: =IF(ROWS($2:8)>COUNTIF(Operational_RawData!$A:$A,"1_Operational"),"",INDEX(Operational_RawData!F:F,MATCH("1_Operational",Operational_RawData!$A:$A,0)+ROWS($2:8)-1)) -> 259.72 | G8: =IF(ROWS($2:8)>COUNTIF(Operational_RawData!$A:$A,"1_Operational"),"",INDEX(Operational_RawData!G:G,MATCH("1_Operational",Operational_RawData!$A:$A,0)+ROWS($2:8)-1)) -> 259.72 | H8: =IF(ROWS($2:8)>COUNTIF(Operational_RawData!$A:$A,"1_Operational"),"",INDEX(Operational_RawData!H:H,MATCH("1_Operational",Operational_RawData!$A:$A,0)+ROWS($2:8)-1)) -> 259.72 | I8: =IF(ROWS($2:8)>COUNTIF(Operational_RawData!$A:$A,"1_Operational"),"",INDEX(Operational_RawData!I:I,MATCH("1_Operational",Operational_RawData!$A:$A,0)+ROWS($2:8)-1)) -> 259.72 | J8: =IF(ROWS($2:8)>COUNTIF(Operational_RawData!$A:$A,"1_Operational"),"",INDEX(Operational_RawData!J:J,MATCH("1_Operational",Operational_RawData!$A:$A,0)+ROWS($2:8)-1)) -> 347.64 | K8: =IF(ROWS($2:8)>COUNTIF(Operational_RawData!$A:$A,"1_Operational"),"",INDEX(Operational_RawData!K:K,MATCH("1_Operational",Operational_RawData!$A:$A,0)+ROWS($2:8)-1)) -> 347.64 | L8: =IF(ROWS($2:8)>COUNTIF(Operational_RawData!$A:$A,"1_Operational"),"",INDEX(Operational_RawData!L:L,MATCH("1_Operational",Operational_RawData!$A:$A,0)+ROWS($2:8)-1)) -> 347.64 | M8: =IF(ROWS($2:8)>COUNTIF(Operational_RawData!$A:$A,"1_Operational"),"",INDEX(Operational_RawData!M:M,MATCH("1_Operational",Operational_RawData!$A:$A,0)+ROWS($2:8)-1)) -> 347.64 | N8: =IF(ROWS($2:8)>COUNTIF(Operational_RawData!$A:$A,"1_Operational"),"",INDEX(Operational_RawData!N:N,MATCH("1_Operational",Operational_RawData!$A:$A,0)+ROWS($2:8)-1)) -> 0.07 | O8: =IF(ROWS($2:8)>COUNTIF(Operational_RawData!$A:$A,"1_Operational"),"",INDEX(Operational_RawData!O:O,MATCH("1_Operational",Operational_RawData!$A:$A,0)+ROWS($2:8)-1)) -> 0.19 | P8: =IF(ROWS($2:8)>COUNTIF(Operational_RawData!$A:$A,"1_Operational"),"",INDEX(Operational_RawData!P:P,MATCH("1_Operational",Operational_RawData!$A:$A,0)+ROWS($2:8)-1)) -> 0.06 | Q8: =IF(ROWS($2:8)>COUNTIF(Operational_RawData!$A:$A,"1_Operational"),"",INDEX(Operational_RawData!Q:Q,MATCH("1_Operational",Operational_RawData!$A:$A,0)+ROWS($2:8)-1)) -> 0.1 | R8: =IF(ROWS($2:8)>COUNTIF(Operational_RawData!$A:$A,"1_Operational"),"",INDEX(Operational_RawData!R:R,MATCH("1_Operational",Operational_RawData!$A:$A,0)+ROWS($2:8)-1)) -> Pass | S8: =IF(ROWS($2:8)>COUNTIF(Operational_RawData!$A:$A,"1_Operational"),"",INDEX(Operational_RawData!S:S,MATCH("1_Operational",Operational_RawData!$A:$A,0)+ROWS($2:8)-1)) -> 0 | T8: =IF(ROWS($2:8)>COUNTIF(Operational_RawData!$A:$A,"1_Operational"),"",INDEX(Operational_RawData!T:T,MATCH("1_Operational",Operational_RawData!$A:$A,0)+ROWS($2:8)-1)) -> 0
A9: =IF(ROWS($2:9)>COUNTIF(Operational_RawData!$A:$A,"1_Operational"),"",INDEX(Operational_RawData!A:A,MATCH("1_Operational",Operational_RawData!$A:$A,0)+ROWS($2:9)-1)) -> 1_Operational | B9: =IF(ROWS($2:9)>COUNTIF(Operational_RawData!$A:$A,"1_Operational"),"",INDEX(Operational_RawData!B:B,MATCH("1_Operational",Operational_RawData!$A:$A,0)+ROWS($2:9)-1)) -> 144441.83 | C9: =IF(ROWS($2:9)>COUNTIF(Operational_RawData!$A:$A,"1_Operational"),"",INDEX(Operational_RawData!C:C,MATCH("1_Operational",Operational_RawData!$A:$A,0)+ROWS($2:9)-1)) -> 5.39 | D9: =IF(ROWS($2:9)>COUNTIF(Operational_RawData!$A:$A,"1_Operational"),"",INDEX(Operational_RawData!D:D,MATCH("1_Operational",Operational_RawData!$A:$A,0)+ROWS($2:9)-1)) -> 1307.66 | E9: =IF(ROWS($2:9)>COUNTIF(Operational_RawData!$A:$A,"1_Operational"),"",INDEX(Operational_RawData!E:E,MATCH("1_Operational",Operational_RawData!$A:$A,0)+ROWS($2:9)-1)) -> 3.57 | F9: =IF(ROWS($2:9)>COUNTIF(Operational_RawData!$A:$A,"1_Operational"),"",INDEX(Operational_RawData!F:F,MATCH("1_Operational",Operational_RawData!$A:$A,0)+ROWS($2:9)-1)) -> 257.64 | G9: =IF(ROWS($2:9)>COUNTIF(Operational_RawData!$A:$A,"1_Operational"),"",INDEX(Operational_RawData!G:G,MATCH("1_Operational",Operational_RawData!$A:$A,0)+ROWS($2:9)-1)) -> 257.64 | H9: =IF(ROWS($2:9)>COUNTIF(Operational_RawData!$A:$A,"1_Operational"),"",INDEX(Operational_RawData!H:H,MATCH("1_Operational",Operational_RawData!$A:$A,0)+ROWS($2:9)-1)) -> 257.64 | I9: =IF(ROWS($2:9)>COUNTIF(Operational_RawData!$A:$A,"1_Operational"),"",INDEX(Operational_RawData!I:I,MATCH("1_Operational",Operational_RawData!$A:$A,0)+ROWS($2:9)-1)) -> 257.64 | J9: =IF(ROWS($2:9)>COUNTIF(Operational_RawData!$A:$A,"1_Operational"),"",INDEX(Operational_RawData!J:J,MATCH("1_Operational",Operational_RawData!$A:$A,0)+ROWS($2:9)-1)) -> 346.6 | K9: =IF(ROWS($2:9)>COUNTIF(Operational_RawData!$A:$A,"1_Operational"),"",INDEX(Operational_RawData!K:K,MATCH("1_Operational",Operational_RawData!$A:$A,0)+ROWS($2:9)-1)) -> 346.6 | L9: =IF(ROWS($2:9)>COUNTIF(Operational_RawData!$A:$A,"1_Operational"),"",INDEX(Operational_RawData!L:L,MATCH("1_Operational",Operational_RawData!$A:$A,0)+ROWS($2:9)-1)) -> 346.6 | M9: =IF(ROWS($2:9)>COUNTIF(Operational_RawData!$A:$A,"1_Operational"),"",INDEX(Operational_RawData!M:M,MATCH("1_Operational",Operational_RawData!$A:$A,0)+ROWS($2:9)-1)) -> 346.6 | N9: =IF(ROWS($2:9)>COUNTIF(Operational_RawData!$A:$A,"1_Operational"),"",INDEX(Operational_RawData!N:N,MATCH("1_Operational",Operational_RawData!$A:$A,0)+ROWS($2:9)-1)) -> 0.07 | O9: =IF(ROWS($2:9)>COUNTIF(Operational_RawData!$A:$A,"1_Operational"),"",INDEX(Operational_RawData!O:O,MATCH("1_Operational",Operational_RawData!$A:$A,0)+ROWS($2:9)-1)) -> 0.19 | P9: =IF(ROWS($2:9)>COUNTIF(Operational_RawData!$A:$A,"1_Operational"),"",INDEX(Operational_RawData!P:P,MATCH("1_Operational",Operational_RawData!$A:$A,0)+ROWS($2:9)-1)) -> 0.06 | Q9: =IF(ROWS($2:9)>COUNTIF(Operational_RawData!$A:$A,"1_Operational"),"",INDEX(Operational_RawData!Q:Q,MATCH("1_Operational",Operational_RawData!$A:$A,0)+ROWS($2:9)-1)) -> 0.1 | R9: =IF(ROWS($2:9)>COUNTIF(Operational_RawData!$A:$A,"1_Operational"),"",INDEX(Operational_RawData!R:R,MATCH("1_Operational",Operational_RawData!$A:$A,0)+ROWS($2:9)-1)) -> Pass | S9: =IF(ROWS($2:9)>COUNTIF(Operational_RawData!$A:$A,"1_Operational"),"",INDEX(Operational_RawData!S:S,MATCH("1_Operational",Operational_RawData!$A:$A,0)+ROWS($2:9)-1)) -> 0 | T9: =IF(ROWS($2:9)>COUNTIF(Operational_RawData!$A:$A,"1_Operational"),"",INDEX(Operational_RawData!T:T,MATCH("1_Operational",Operational_RawData!$A:$A,0)+ROWS($2:9)-1)) -> 0
A10: =IF(ROWS($2:10)>COUNTIF(Operational_RawData!$A:$A,"1_Operational"),"",INDEX(Operational_RawData!A:A,MATCH("1_Operational",Operational_RawData!$A:$A,0)+ROWS($2:10)-1)) -> 1_Operational | B10: =IF(ROWS($2:10)>COUNTIF(Operational_RawData!$A:$A,"1_Operational"),"",INDEX(Operational_RawData!B:B,MATCH("1_Operational",Operational_RawData!$A:$A,0)+ROWS($2:10)-1)) -> 144446.83 | C10: =IF(ROWS($2:10)>COUNTIF(Operational_RawData!$A:$A,"1_Operational"),"",INDEX(Operational_RawData!C:C,MATCH("1_Operational",Operational_RawData!$A:$A,0)+ROWS($2:10)-1)) -> 6.13 | D10: =IF(ROWS($2:10)>COUNTIF(Operational_RawData!$A:$A,"1_Operational"),"",INDEX(Operational_RawData!D:D,MATCH("1_Operational",Operational_RawData!$A:$A,0)+ROWS($2:10)-1)) -> 1307.713 | E10: =IF(ROWS($2:10)>COUNTIF(Operational_RawData!$A:$A,"1_Operational"),"",INDEX(Operational_RawData!E:E,MATCH("1_Operational",Operational_RawData!$A:$A,0)+ROWS($2:10)-1)) -> 3.58 | F10: =IF(ROWS($2:10)>COUNTIF(Operational_RawData!$A:$A,"1_Operational"),"",INDEX(Operational_RawData!F:F,MATCH("1_Operational",Operational_RawData!$A:$A,0)+ROWS($2:10)-1)) -> 255.4 | G10: =IF(ROWS($2:10)>COUNTIF(Operational_RawData!$A:$A,"1_Operational"),"",INDEX(Operational_RawData!G:G,MATCH("1_Operational",Operational_RawData!$A:$A,0)+ROWS($2:10)-1)) -> 255.4 | H10: =IF(ROWS($2:10)>COUNTIF(Operational_RawData!$A:$A,"1_Operational"),"",INDEX(Operational_RawData!H:H,MATCH("1_Operational",Operational_RawData!$A:$A,0)+ROWS($2:10)-1)) -> 255.4 | I10: =IF(ROWS($2:10)>COUNTIF(Operational_RawData!$A:$A,"1_Operational"),"",INDEX(Operational_RawData!I:I,MATCH("1_Operational",Operational_RawData!$A:$A,0)+ROWS($2:10)-1)) -> 255.4 | J10: =IF(ROWS($2:10)>COUNTIF(Operational_RawData!$A:$A,"1_Operational"),"",INDEX(Operational_RawData!J:J,MATCH("1_Operational",Operational_RawData!$A:$A,0)+ROWS($2:10)-1)) -> 345.36 | K10: =IF(ROWS($2:10)>COUNTIF(Operational_RawData!$A:$A,"1_Operational"),"",INDEX(Operational_RawData!K:K,MATCH("1_Operational",Operational_RawData!$A:$A,0)+ROWS($2:10)-1)) -> 345.36 | L10: =IF(ROWS($2:10)>COUNTIF(Operational_RawData!$A:$A,"1_Operational"),"",INDEX(Operational_RawData!L:L,MATCH("1_Operational",Operational_RawData!$A:$A,0)+ROWS($2:10)-1)) -> 345.36 | M10: =IF(ROWS($2:10)>COUNTIF(Operational_RawData!$A:$A,"1_Operational"),"",INDEX(Operational_RawData!M:M,MATCH("1_Operational",Operational_RawData!$A:$A,0)+ROWS($2:10)-1)) -> 345.36 | N10: =IF(ROWS($2:10)>COUNTIF(Operational_RawData!$A:$A,"1_Operational"),"",INDEX(Operational_RawData!N:N,MATCH("1_Operational",Operational_RawData!$A:$A,0)+ROWS($2:10)-1)) -> 0.07 | O10: =IF(ROWS($2:10)>COUNTIF(Operational_RawData!$A:$A,"1_Operational"),"",INDEX(Operational_RawData!O:O,MATCH("1_Operational",Operational_RawData!$A:$A,0)+ROWS($2:10)-1)) -> 0.19 | P10: =IF(ROWS($2:10)>COUNTIF(Operational_RawData!$A:$A,"1_Operational"),"",INDEX(Operational_RawData!P:P,MATCH("1_Operational",Operational_RawData!$A:$A,0)+ROWS($2:10)-1)) -> 0.06 | Q10: =IF(ROWS($2:10)>COUNTIF(Operational_RawData!$A:$A,"1_Operational"),"",INDEX(Operational_RawData!Q:Q,MATCH("1_Operational",Operational_RawData!$A:$A,0)+ROWS($2:10)-1)) -> 0.1 | R10: =IF(ROWS($2:10)>COUNTIF(Operational_RawData!$A:$A,"1_Operational"),"",INDEX(Operational_RawData!R:R,MATCH("1_Operational",Operational_RawData!$A:$A,0)+ROWS($2:10)-1)) -> Pass | S10: =IF(ROWS($2:10)>COUNTIF(Operational_RawData!$A:$A,"1_Operational"),"",INDEX(Operational_RawData!S:S,MATCH("1_Operational",Operational_RawData!$A:$A,0)+ROWS($2:10)-1)) -> 0 | T10: =IF(ROWS($2:10)>COUNTIF(Operational_RawData!$A:$A,"1_Operational"),"",INDEX(Operational_RawData!T:T,MATCH("1_Operational",Operational_RawData!$A:$A,0)+ROWS($2:10)-1)) -> 0
A11: =IF(ROWS($2:11)>COUNTIF(Operational_RawData!$A:$A,"1_Operational"),"",INDEX(Operational_RawData!A:A,MATCH("1_Operational",Operational_RawData!$A:$A,0)+ROWS($2:11)-1)) -> 1_Operational | B11: =IF(ROWS($2:11)>COUNTIF(Operational_RawData!$A:$A,"1_Operational"),"",INDEX(Operational_RawData!B:B,MATCH("1_Operational",Operational_RawData!$A:$A,0)+ROWS($2:11)-1)) -> 144451.84 | C11: =IF(ROWS($2:11)>COUNTIF(Operational_RawData!$A:$A,"1_Operational"),"",INDEX(Operational_RawData!C:C,MATCH("1_Operational",Operational_RawData!$A:$A,0)+ROWS($2:11)-1)) -> 6.87 | D11: =IF(ROWS($2:11)>COUNTIF(Operational_RawData!$A:$A,"1_Operational"),"",INDEX(Operational_RawData!D:D,MATCH("1_Operational",Operational_RawData!$A:$A,0)+ROWS($2:11)-1)) -> 1307.768 | E11: =IF(ROWS($2:11)>COUNTIF(Operational_RawData!$A:$A,"1_Operational"),"",INDEX(Operational_RawData!E:E,MATCH("1_Operational",Operational_RawData!$A:$A,0)+ROWS($2:11)-1)) -> 3.58 | F11: =IF(ROWS($2:11)>COUNTIF(Operational_RawData!$A:$A,"1_Operational"),"",INDEX(Operational_RawData!F:F,MATCH("1_Operational",Operational_RawData!$A:$A,0)+ROWS($2:11)-1)) -> 253.48 | G11: =IF(ROWS($2:11)>COUNTIF(Operational_RawData!$A:$A,"1_Operational"),"",INDEX(Operational_RawData!G:G,MATCH("1_Operational",Operational_RawData!$A:$A,0)+ROWS($2:11)-1)) -> 253.48 | H11: =IF(ROWS($2:11)>COUNTIF(Operational_RawData!$A:$A,"1_Operational"),"",INDEX(Operational_RawData!H:H,MATCH("1_Operational",Operational_RawData!$A:$A,0)+ROWS($2:11)-1)) -> 253.48 | I11: =IF(ROWS($2:11)>COUNTIF(Operational_RawData!$A:$A,"1_Operational"),"",INDEX(Operational_RawData!I:I,MATCH("1_Operational",Operational_RawData!$A:$A,0)+ROWS($2:11)-1)) -> 253.48 | J11: =IF(ROWS($2:11)>COUNTIF(Operational_RawData!$A:$A,"1_Operational"),"",INDEX(Operational_RawData!J:J,MATCH("1_Operational",Operational_RawData!$A:$A,0)+ROWS($2:11)-1)) -> 344.08 | K11: =IF(ROWS($2:11)>COUNTIF(Operational_RawData!$A:$A,"1_Operational"),"",INDEX(Operational_RawData!K:K,MATCH("1_Operational",Operational_RawData!$A:$A,0)+ROWS($2:11)-1)) -> 344.08 | L11: =IF(ROWS($2:11)>COUNTIF(Operational_RawData!$A:$A,"1_Operational"),"",INDEX(Operational_RawData!L:L,MATCH("1_Operational",Operational_RawData!$A:$A,0)+ROWS($2:11)-1)) -> 344.08 | M11: =IF(ROWS($2:11)>COUNTIF(Operational_RawData!$A:$A,"1_Operational"),"",INDEX(Operational_RawData!M:M,MATCH("1_Operational",Operational_RawData!$A:$A,0)+ROWS($2:11)-1)) -> 344.08 | N11: =IF(ROWS($2:11)>COUNTIF(Operational_RawData!$A:$A,"1_Operational"),"",INDEX(Operational_RawData!N:N,MATCH("1_Operational",Operational_RawData!$A:$A,0)+ROWS($2:11)-1)) -> 0.07 | O11: =IF(ROWS($2:11)>COUNTIF(Operational_RawData!$A:$A,"1_Operational"),"",INDEX(Operational_RawData!O:O,MATCH("1_Operational",Operational_RawData!$A:$A,0)+ROWS($2:11)-1)) -> 0.19 | P11: =IF(ROWS($2:11)>COUNTIF(Operational_RawData!$A:$A,"1_Operational"),"",INDEX(Operational_RawData!P:P,MATCH("1_Operational",Operational_RawData!$A:$A,0)+ROWS($2:11)-1)) -> 0.06 | Q11: =IF(ROWS($2:11)>COUNTIF(Operational_RawData!$A:$A,"1_Operational"),"",INDEX(Operational_RawData!Q:Q,MATCH("1_Operational",Operational_RawData!$A:$A,0)+ROWS($2:11)-1)) -> 0.1 | R11: =IF(ROWS($2:11)>COUNTIF(Operational_RawData!$A:$A,"1_Operational"),"",INDEX(Operational_RawData!R:R,MATCH("1_Operational",Operational_RawData!$A:$A,0)+ROWS($2:11)-1)) -> Pass | S11: =IF(ROWS($2:11)>COUNTIF(Operational_RawData!$A:$A,"1_Operational"),"",INDEX(Operational_RawData!S:S,MATCH("1_Operational",Operational_RawData!$A:$A,0)+ROWS($2:11)-1)) -> 0 | T11: =IF(ROWS($2:11)>COUNTIF(Operational_RawData!$A:$A,"1_Operational"),"",INDEX(Operational_RawData!T:T,MATCH("1_Operational",Operational_RawData!$A:$A,0)+ROWS($2:11)-1)) -> 0
A12: =IF(ROWS($2:12)>COUNTIF(Operational_RawData!$A:$A,"1_Operational"),"",INDEX(Operational_RawData!A:A,MATCH("1_Operational",Operational_RawData!$A:$A,0)+ROWS($2:12)-1)) -> 1_Operational | B12: =IF(ROWS($2:12)>COUNTIF(Operational_RawData!$A:$A,"1_Operational"),"",INDEX(Operational_RawData!B:B,MATCH("1_Operational",Operational_RawData!$A:$A,0)+ROWS($2:12)-1)) -> 144456.84 | C12: =IF(ROWS($2:12)>COUNTIF(Operational_RawData!$A:$A,"1_Operational"),"",INDEX(Operational_RawData!C:C,MATCH("1_Operational",Operational_RawData!$A:$A,0)+ROWS($2:12)-1)) -> 7.63 | D12: =IF(ROWS($2:12)>COUNTIF(Operational_RawData!$A:$A,"1_Operational"),"",INDEX(Operational_RawData!D:D,MATCH("1_Operational",Operational_RawData!$A:$A,0)+ROWS($2:12)-1)) -> 1307.816 | E12: =IF(ROWS($2:12)>COUNTIF(Operational_RawData!$A:$A,"1_Operational"),"",INDEX(Operational_RawData!E:E,MATCH("1_Operational",Operational_RawData!$A:$A,0)+ROWS($2:12)-1)) -> 3.65 | F12: =IF(ROWS($2:12)>COUNTIF(Operational_RawData!$A:$A,"1_Operational"),"",INDEX(Operational_RawData!F:F,MATCH("1_Operational",Operational_RawData!$A:$A,0)+ROWS($2:12)-1)) -> 251.36 | G12: =IF(ROWS($2:12)>COUNTIF(Operational_RawData!$A:$A,"1_Operational"),"",INDEX(Operational_RawData!G:G,MATCH("1_Operational",Operational_RawData!$A:$A,0)+ROWS($2:12)-1)) -> 251.36 | H12: =IF(ROWS($2:12)>COUNTIF(Operational_RawData!$A:$A,"1_Operational"),"",INDEX(Operational_RawData!H:H,MATCH("1_Operational",Operational_RawData!$A:$A,0)+ROWS($2:12)-1)) -> 251.36 | I12: =IF(ROWS($2:12)>COUNTIF(Operational_RawData!$A:$A,"1_Operational"),"",INDEX(Operational_RawData!I:I,MATCH("1_Operational",Operational_RawData!$A:$A,0)+ROWS($2:12)-1)) -> 251.36 | J12: =IF(ROWS($2:12)>COUNTIF(Operational_RawData!$A:$A,"1_Operational"),"",INDEX(Operational_RawData!J:J,MATCH("1_Operational",Operational_RawData!$A:$A,0)+ROWS($2:12)-1)) -> 342.72 | K12: =IF(ROWS($2:12)>COUNTIF(Operational_RawData!$A:$A,"1_Operational"),"",INDEX(Operational_RawData!K:K,MATCH("1_Operational",Operational_RawData!$A:$A,0)+ROWS($2:12)-1)) -> 342.72 | L12: =IF(ROWS($2:12)>COUNTIF(Operational_RawData!$A:$A,"1_Operational"),"",INDEX(Operational_RawData!L:L,MATCH("1_Operational",Operational_RawData!$A:$A,0)+ROWS($2:12)-1)) -> 342.72 | M12: =IF(ROWS($2:12)>COUNTIF(Operational_RawData!$A:$A,"1_Operational"),"",INDEX(Operational_RawData!M:M,MATCH("1_Operational",Operational_RawData!$A:$A,0)+ROWS($2:12)-1)) -> 342.72 | N12: =IF(ROWS($2:12)>COUNTIF(Operational_RawData!$A:$A,"1_Operational"),"",INDEX(Operational_RawData!N:N,MATCH("1_Operational",Operational_RawData!$A:$A,0)+ROWS($2:12)-1)) -> 0.06 | O12: =IF(ROWS($2:12)>COUNTIF(Operational_RawData!$A:$A,"1_Operational"),"",INDEX(Operational_RawData!O:O,MATCH("1_Operational",Operational_RawData!$A:$A,0)+ROWS($2:12)-1)) -> 0.19 | P12: =IF(ROWS($2:12)>COUNTIF(Operational_RawData!$A:$A,"1_Operational"),"",INDEX(Operational_RawData!P:P,MATCH("1_Operational",Operational_RawData!$A:$A,0)+ROWS($2:12)-1)) -> 0.06 | Q12: =IF(ROWS($2:12)>COUNTIF(Operational_RawData!$A:$A,"1_Operational"),"",INDEX(Operational_RawData!Q:Q,MATCH("1_Operational",Operational_RawData!$A:$A,0)+ROWS($2:12)-1)) -> 0.1 | R12: =IF(ROWS($2:12)>COUNTIF(Operational_RawData!$A:$A,"1_Operational"),"",INDEX(Operational_RawData!R:R,MATCH("1_Operational",Operational_RawData!$A:$A,0)+ROWS($2:12)-1)) -> Pass | S12: =IF(ROWS($2:12)>COUNTIF(Operational_RawData!$A:$A,"1_Operational"),"",INDEX(Operational_RawData!S:S,MATCH("1_Operational",Operational_RawData!$A:$A,0)+ROWS($2:12)-1)) -> 0 | T12: =IF(ROWS($2:12)>COUNTIF(Operational_RawData!$A:$A,"1_Operational"),"",INDEX(Operational_RawData!T:T,MATCH("1_Operational",Operational_RawData!$A:$A,0)+ROWS($2:12)-1)) -> 0
A13: =IF(ROWS($2:13)>COUNTIF(Operational_RawData!$A:$A,"1_Operational"),"",INDEX(Operational_RawData!A:A,MATCH("1_Operational",Operational_RawData!$A:$A,0)+ROWS($2:13)-1)) -> 1_Operational | B13: =IF(ROWS($2:13)>COUNTIF(Operational_RawData!$A:$A,"1_Operational"),"",INDEX(Operational_RawData!B:B,MATCH("1_Operational",Operational_RawData!$A:$A,0)+ROWS($2:13)-1)) -> 144501.84 | C13: =IF(ROWS($2:13)>COUNTIF(Operational_RawData!$A:$A,"1_Operational"),"",INDEX(Operational_RawData!C:C,MATCH("1_Operational",Operational_RawData!$A:$A,0)+ROWS($2:13)-1)) -> 8.36 | D13: =IF(ROWS($2:13)>COUNTIF(Operational_RawData!$A:$A,"1_Operational"),"",INDEX(Operational_RawData!D:D,MATCH("1_Operational",Operational_RawData!$A:$A,0)+ROWS($2:13)-1)) -> 1307.873 | E13: =IF(ROWS($2:13)>COUNTIF(Operational_RawData!$A:$A,"1_Operational"),"",INDEX(Operational_RawData!E:E,MATCH("1_Operational",Operational_RawData!$A:$A,0)+ROWS($2:13)-1)) -> 3.64 | F13: =IF(ROWS($2:13)>COUNTIF(Operational_RawData!$A:$A,"1_Operational"),"",INDEX(Operational_RawData!F:F,MATCH("1_Operational",Operational_RawData!$A:$A,0)+ROWS($2:13)-1)) -> 249.72 | G13: =IF(ROWS($2:13)>COUNTIF(Operational_RawData!$A:$A,"1_Operational"),"",INDEX(Operational_RawData!G:G,MATCH("1_Operational",Operational_RawData!$A:$A,0)+ROWS($2:13)-1)) -> 249.72 | H13: =IF(ROWS($2:13)>COUNTIF(Operational_RawData!$A:$A,"1_Operational"),"",INDEX(Operational_RawData!H:H,MATCH("1_Operational",Operational_RawData!$A:$A,0)+ROWS($2:13)-1)) -> 249.72 | I13: =IF(ROWS($2:13)>COUNTIF(Operational_RawData!$A:$A,"1_Operational"),"",INDEX(Operational_RawData!I:I,MATCH("1_Operational",Operational_RawData!$A:$A,0)+ROWS($2:13)-1)) -> 249.72 | J13: =IF(ROWS($2:13)>COUNTIF(Operational_RawData!$A:$A,"1_Operational"),"",INDEX(Operational_RawData!J:J,MATCH("1_Operational",Operational_RawData!$A:$A,0)+ROWS($2:13)-1)) -> 341.36 | K13: =IF(ROWS($2:13)>COUNTIF(Operational_RawData!$A:$A,"1_Operational"),"",INDEX(Operational_RawData!K:K,MATCH("1_Operational",Operational_RawData!$A:$A,0)+ROWS($2:13)-1)) -> 341.36 | L13: =IF(ROWS($2:13)>COUNTIF(Operational_RawData!$A:$A,"1_Operational"),"",INDEX(Operational_RawData!L:L,MATCH("1_Operational",Operational_RawData!$A:$A,0)+ROWS($2:13)-1)) -> 341.36 | M13: =IF(ROWS($2:13)>COUNTIF(Operational_RawData!$A:$A,"1_Operational"),"",INDEX(Operational_RawData!M:M,MATCH("1_Operational",Operational_RawData!$A:$A,0)+ROWS($2:13)-1)) -> 341.36 | N13: =IF(ROWS($2:13)>COUNTIF(Operational_RawData!$A:$A,"1_Operational"),"",INDEX(Operational_RawData!N:N,MATCH("1_Operational",Operational_RawData!$A:$A,0)+ROWS($2:13)-1)) -> 0.08 | O13: =IF(ROWS($2:13)>COUNTIF(Operational_RawData!$A:$A,"1_Operational"),"",INDEX(Operational_RawData!O:O,MATCH("1_Operational",Operational_RawData!$A:$A,0)+ROWS($2:13)-1)) -> 0.19 | P13: =IF(ROWS($2:13)>COUNTIF(Operational_RawData!$A:$A,"1_Operational"),"",INDEX(Operational_RawData!P:P,MATCH("1_Operational",Operational_RawData!$A:$A,0)+ROWS($2:13)-1)) -> 0.06 | Q13: =IF(ROWS($2:13)>COUNTIF(Operational_RawData!$A:$A,"1_Operational"),"",INDEX(Operational_RawData!Q:Q,MATCH("1_Operational",Operational_RawData!$A:$A,0)+ROWS($2:13)-1)) -> 0.1 | R13: =IF(ROWS($2:13)>COUNTIF(Operational_RawData!$A:$A,"1_Operational"),"",INDEX(Operational_RawData!R:R,MATCH("1_Operational",Operational_RawData!$A:$A,0)+ROWS($2:13)-1)) -> Pass | S13: =IF(ROWS($2:13)>COUNTIF(Operational_RawData!$A:$A,"1_Operational"),"",INDEX(Operational_RawData!S:S,MATCH("1_Operational",Operational_RawData!$A:$A,0)+ROWS($2:13)-1)) -> 0 | T13: =IF(ROWS($2:13)>COUNTIF(Operational_RawData!$A:$A,"1_Operational"),"",INDEX(Operational_RawData!T:T,MATCH("1_Operational",Operational_RawData!$A:$A,0)+ROWS($2:13)-1)) -> 0
A14: =IF(ROWS($2:14)>COUNTIF(Operational_RawData!$A:$A,"1_Operational"),"",INDEX(Operational_RawData!A:A,MATCH("1_Operational",Operational_RawData!$A:$A,0)+ROWS($2:14)-1)) -> 1_Operational | B14: =IF(ROWS($2:14)>COUNTIF(Operational_RawData!$A:$A,"1_Operational"),"",INDEX(Operational_RawData!B:B,MATCH("1_Operational",Operational_RawData!$A:$A,0)+ROWS($2:14)-1)) -> 144506.85 | C14: =IF(ROWS($2:14)>COUNTIF(Operational_RawData!$A:$A,"1_Operational"),"",INDEX(Operational_RawData!C:C,MATCH("1_Operational",Operational_RawData!$A:$A,0)+ROWS($2:14)-1)) -> 9.12 | D14: =IF(ROWS($2:14)>COUNTIF(Operational_RawData!$A:$A,"1_Operational"),"",INDEX(Operational_RawData!D:D,MATCH("1_Operational",Operational_RawData!$A:$A,0)+ROWS($2:14)-1)) -> 1307.934 | E14: =IF(ROWS($2:14)>COUNTIF(Operational_RawData!$A:$A,"1_Operational"),"",INDEX(Operational_RawData!E:E,MATCH("1_Operational",Operational_RawData!$A:$A,0)+ROWS($2:14)-1)) -> 3.61 | F14: =IF(ROWS($2:14)>COUNTIF(Operational_RawData!$A:$A,"1_Operational"),"",INDEX(Operational_RawData!F:F,MATCH("1_Operational",Operational_RawData!$A:$A,0)+ROWS($2:14)-1)) -> 247.68 | G14: =IF(ROWS($2:14)>COUNTIF(Operational_RawData!$A:$A,"1_Operational"),"",INDEX(Operational_RawData!G:G,MATCH("1_Operational",Operational_RawData!$A:$A,0)+ROWS($2:14)-1)) -> 247.68 | H14: =IF(ROWS($2:14)>COUNTIF(Operational_RawData!$A:$A,"1_Operational"),"",INDEX(Operational_RawData!H:H,MATCH("1_Operational",Operational_RawData!$A:$A,0)+ROWS($2:14)-1)) -> 247.68 | I14: =IF(ROWS($2:14)>COUNTIF(Operational_RawData!$A:$A,"1_Operational"),"",INDEX(Operational_RawData!I:I,MATCH("1_Operational",Operational_RawData!$A:$A,0)+ROWS($2:14)-1)) -> 247.68 | J14: =IF(ROWS($2:14)>COUNTIF(Operational_RawData!$A:$A,"1_Operational"),"",INDEX(Operational_RawData!J:J,MATCH("1_Operational",Operational_RawData!$A:$A,0)+ROWS($2:14)-1)) -> 339.88 | K14: =IF(ROWS($2:14)>COUNTIF(Operational_RawData!$A:$A,"1_Operational"),"",INDEX(Operational_RawData!K:K,MATCH("1_Operational",Operational_RawData!$A:$A,0)+ROWS($2:14)-1)) -> 339.88 | L14: =IF(ROWS($2:14)>COUNTIF(Operational_RawData!$A:$A,"1_Operational"),"",INDEX(Operational_RawData!L:L,MATCH("1_Operational",Operational_RawData!$A:$A,0)+ROWS($2:14)-1)) -> 339.88 | M14: =IF(ROWS($2:14)>COUNTIF(Operational_RawData!$A:$A,"1_Operational"),"",INDEX(Operational_RawData!M:M,MATCH("1_Operational",Operational_RawData!$A:$A,0)+ROWS($2:14)-1)) -> 339.88 | N14: =IF(ROWS($2:14)>COUNTIF(Operational_RawData!$A:$A,"1_Operational"),"",INDEX(Operational_RawData!N:N,MATCH("1_Operational",Operational_RawData!$A:$A,0)+ROWS($2:14)-1)) -> 0.08 | O14: =IF(ROWS($2:14)>COUNTIF(Operational_RawData!$A:$A,"1_Operational"),"",INDEX(Operational_RawData!O:O,MATCH("1_Operational",Operational_RawData!$A:$A,0)+ROWS($2:14)-1)) -> 0.19 | P14: =IF(ROWS($2:14)>COUNTIF(Operational_RawData!$A:$A,"1_Operational"),"",INDEX(Operational_RawData!P:P,MATCH("1_Operational",Operational_RawData!$A:$A,0)+ROWS($2:14)-1)) -> 0.06 | Q14: =IF(ROWS($2:14)>COUNTIF(Operational_RawData!$A:$A,"1_Operational"),"",INDEX(Operational_RawData!Q:Q,MATCH("1_Operational",Operational_RawData!$A:$A,0)+ROWS($2:14)-1)) -> 0.1 | R14: =IF(ROWS($2:14)>COUNTIF(Operational_RawData!$A:$A,"1_Operational"),"",INDEX(Operational_RawData!R:R,MATCH("1_Operational",Operational_RawData!$A:$A,0)+ROWS($2:14)-1)) -> Pass | S14: =IF(ROWS($2:14)>COUNTIF(Operational_RawData!$A:$A,"1_Operational"),"",INDEX(Operational_RawData!S:S,MATCH("1_Operational",Operational_RawData!$A:$A,0)+ROWS($2:14)-1)) -> 0 | T14: =IF(ROWS($2:14)>COUNTIF(Operational_RawData!$A:$A,"1_Operational"),"",INDEX(Operational_RawData!T:T,MATCH("1_Operational",Operational_RawData!$A:$A,0)+ROWS($2:14)-1)) -> 0
A15: =IF(ROWS($2:15)>COUNTIF(Operational_RawData!$A:$A,"1_Operational"),"",INDEX(Operational_RawData!A:A,MATCH("1_Operational",Operational_RawData!$A:$A,0)+ROWS($2:15)-1)) -> 1_Operational | B15: =IF(ROWS($2:15)>COUNTIF(Operational_RawData!$A:$A,"1_Operational"),"",INDEX(Operational_RawData!B:B,MATCH("1_Operational",Operational_RawData!$A:$A,0)+ROWS($2:15)-1)) -> 144511.84 | C15: =IF(ROWS($2:15)>COUNTIF(Operational_RawData!$A:$A,"1_Operational"),"",INDEX(Operational_RawData!C:C,MATCH("1_Operational",Operational_RawData!$A:$A,0)+ROWS($2:15)-1)) -> 9.85 | D15: =IF(ROWS($2:15)>COUNTIF(Operational_RawData!$A:$A,"1_Operational"),"",INDEX(Operational_RawData!D:D,MATCH("1_Operational",Operational_RawData!$A:$A,0)+ROWS($2:15)-1)) -> 1307.991 | E15: =IF(ROWS($2:15)>COUNTIF(Operational_RawData!$A:$A,"1_Operational"),"",INDEX(Operational_RawData!E:E,MATCH("1_Operational",Operational_RawData!$A:$A,0)+ROWS($2:15)-1)) -> 3.59 | F15: =IF(ROWS($2:15)>COUNTIF(Operational_RawData!$A:$A,"1_Operational"),"",INDEX(Operational_RawData!F:F,MATCH("1_Operational",Operational_RawData!$A:$A,0)+ROWS($2:15)-1)) -> 246.04 | G15: =IF(ROWS($2:15)>COUNTIF(Operational_RawData!$A:$A,"1_Operational"),"",INDEX(Operational_RawData!G:G,MATCH("1_Operational",Operational_RawData!$A:$A,0)+ROWS($2:15)-1)) -> 246.04 | H15: =IF(ROWS($2:15)>COUNTIF(Operational_RawData!$A:$A,"1_Operational"),"",INDEX(Operational_RawData!H:H,MATCH("1_Operational",Operational_RawData!$A:$A,0)+ROWS($2:15)-1)) -> 246.04 | I15: =IF(ROWS($2:15)>COUNTIF(Operational_RawData!$A:$A,"1_Operational"),"",INDEX(Operational_RawData!I:I,MATCH("1_Operational",Operational_RawData!$A:$A,0)+ROWS($2:15)-1)) -> 246.04 | J15: =IF(ROWS($2:15)>COUNTIF(Operational_RawData!$A:$A,"1_Operational"),"",INDEX(Operational_RawData!J:J,MATCH("1_Operational",Operational_RawData!$A:$A,0)+ROWS($2:15)-1)) -> 338.36 | K15: =IF(ROWS($2:15)>COUNTIF(Operational_RawData!$A:$A,"1_Operational"),"",INDEX(Operational_RawData!K:K,MATCH("1_Operational",Operational_RawData!$A:$A,0)+ROWS($2:15)-1)) -> 338.36 | L15: =IF(ROWS($2:15)>COUNTIF(Operational_RawData!$A:$A,"1_Operational"),"",INDEX(Operational_RawData!L:L,MATCH("1_Operational",Operational_RawData!$A:$A,0)+ROWS($2:15)-1)) -> 338.36 | M15: =IF(ROWS($2:15)>COUNTIF(Operational_RawData!$A:$A,"1_Operational"),"",INDEX(Operational_RawData!M:M,MATCH("1_Operational",Operational_RawData!$A:$A,0)+ROWS($2:15)-1)) -> 338.36 | N15: =IF(ROWS($2:15)>COUNTIF(Operational_RawData!$A:$A,"1_Operational"),"",INDEX(Operational_RawData!N:N,MATCH("1_Operational",Operational_RawData!$A:$A,0)+ROWS($2:15)-1)) -> 0.08 | O15: =IF(ROWS($2:15)>COUNTIF(Operational_RawData!$A:$A,"1_Operational"),"",INDEX(Operational_RawData!O:O,MATCH("1_Operational",Operational_RawData!$A:$A,0)+ROWS($2:15)-1)) -> 0.19 | P15: =IF(ROWS($2:15)>COUNTIF(Operational_RawData!$A:$A,"1_Operational"),"",INDEX(Operational_RawData!P:P,MATCH("1_Operational",Operational_RawData!$A:$A,0)+ROWS($2:15)-1)) -> 0.06 | Q15: =IF(ROWS($2:15)>COUNTIF(Operational_RawData!$A:$A,"1_Operational"),"",INDEX(Operational_RawData!Q:Q,MATCH("1_Operational",Operational_RawData!$A:$A,0)+ROWS($2:15)-1)) -> 0.1 | R15: =IF(ROWS($2:15)>COUNTIF(Operational_RawData!$A:$A,"1_Operational"),"",INDEX(Operational_RawData!R:R,MATCH("1_Operational",Operational_RawData!$A:$A,0)+ROWS($2:15)-1)) -> Pass | S15: =IF(ROWS($2:15)>COUNTIF(Operational_RawData!$A:$A,"1_Operational"),"",INDEX(Operational_RawData!S:S,MATCH("1_Operational",Operational_RawData!$A:$A,0)+ROWS($2:15)-1)) -> 0 | T15: =IF(ROWS($2:15)>COUNTIF(Operational_RawData!$A:$A,"1_Operational"),"",INDEX(Operational_RawData!T:T,MATCH("1_Operational",Operational_RawData!$A:$A,0)+ROWS($2:15)-1)) -> 0
A16: =IF(ROWS($2:16)>COUNTIF(Operational_RawData!$A:$A,"1_Operational"),"",INDEX(Operational_RawData!A:A,MATCH("1_Operational",Operational_RawData!$A:$A,0)+ROWS($2:16)-1)) -> 1_Operational | B16: =IF(ROWS($2:16)>COUNTIF(Operational_RawData!$A:$A,"1_Operational"),"",INDEX(Operational_RawData!B:B,MATCH("1_Operational",Operational_RawData!$A:$A,0)+ROWS($2:16)-1)) -> 144516.84 | C16: =IF(ROWS($2:16)>COUNTIF(Operational_RawData!$A:$A,"1_Operational"),"",INDEX(Operational_RawData!C:C,MATCH("1_Operational",Operational_RawData!$A:$A,0)+ROWS($2:16)-1)) -> 10.61 | D16: =IF(ROWS($2:16)>COUNTIF(Operational_RawData!$A:$A,"1_Operational"),"",INDEX(Operational_RawData!D:D,MATCH("1_Operational",Operational_RawData!$A:$A,0)+ROWS($2:16)-1)) -> 1308.048 | E16: =IF(ROWS($2:16)>COUNTIF(Operational_RawData!$A:$A,"1_Operational"),"",INDEX(Operational_RawData!E:E,MATCH("1_Operational",Operational_RawData!$A:$A,0)+ROWS($2:16)-1)) -> 3.6 | F16: =IF(ROWS($2:16)>COUNTIF(Operational_RawData!$A:$A,"1_Operational"),"",INDEX(Operational_RawData!F:F,MATCH("1_Operational",Operational_RawData!$A:$A,0)+ROWS($2:16)-1)) -> 244.28 | G16: =IF(ROWS($2:16)>COUNTIF(Operational_RawData!$A:$A,"1_Operational"),"",INDEX(Operational_RawData!G:G,MATCH("1_Operational",Operational_RawData!$A:$A,0)+ROWS($2:16)-1)) -> 244.28 | H16: =IF(ROWS($2:16)>COUNTIF(Operational_RawData!$A:$A,"1_Operational"),"",INDEX(Operational_RawData!H:H,MATCH("1_Operational",Operational_RawData!$A:$A,0)+ROWS($2:16)-1)) -> 244.28 | I16: =IF(ROWS($2:16)>COUNTIF(Operational_RawData!$A:$A,"1_Operational"),"",INDEX(Operational_RawData!I:I,MATCH("1_Operational",Operational_RawData!$A:$A,0)+ROWS($2:16)-1)) -> 244.28 | J16: =IF(ROWS($2:16)>COUNTIF(Operational_RawData!$A:$A,"1_Operational"),"",INDEX(Operational_RawData!J:J,MATCH("1_Operational",Operational_RawData!$A:$A,0)+ROWS($2:16)-1)) -> 336.8 | K16: =IF(ROWS($2:16)>COUNTIF(Operational_RawData!$A:$A,"1_Operational"),"",INDEX(Operational_RawData!K:K,MATCH("1_Operational",Operational_RawData!$A:$A,0)+ROWS($2:16)-1)) -> 336.8 | L16: =IF(ROWS($2:16)>COUNTIF(Operational_RawData!$A:$A,"1_Operational"),"",INDEX(Operational_RawData!L:L,MATCH("1_Operational",Operational_RawData!$A:$A,0)+ROWS($2:16)-1)) -> 336.8 | M16: =IF(ROWS($2:16)>COUNTIF(Operational_RawData!$A:$A,"1_Operational"),"",INDEX(Operational_RawData!M:M,MATCH("1_Operational",Operational_RawData!$A:$A,0)+ROWS($2:16)-1)) -> 336.8 | N16: =IF(ROWS($2:16)>COUNTIF(Operational_RawData!$A:$A,"1_Operational"),"",INDEX(Operational_RawData!N:N,MATCH("1_Operational",Operational_RawData!$A:$A,0)+ROWS($2:16)-1)) -> 0.08 | O16: =IF(ROWS($2:16)>COUNTIF(Operational_RawData!$A:$A,"1_Operational"),"",INDEX(Operational_RawData!O:O,MATCH("1_Operational",Operational_RawData!$A:$A,0)+ROWS($2:16)-1)) -> 0.19 | P16: =IF(ROWS($2:16)>COUNTIF(Operational_RawData!$A:$A,"1_Operational"),"",INDEX(Operational_RawData!P:P,MATCH("1_Operational",Operational_RawData!$A:$A,0)+ROWS($2:16)-1)) -> 0.06 | Q16: =IF(ROWS($2:16)>COUNTIF(Operational_RawData!$A:$A,"1_Operational"),"",INDEX(Operational_RawData!Q:Q,MATCH("1_Operational",Operational_RawData!$A:$A,0)+ROWS($2:16)-1)) -> 0.1 | R16: =IF(ROWS($2:16)>COUNTIF(Operational_RawData!$A:$A,"1_Operational"),"",INDEX(Operational_RawData!R:R,MATCH("1_Operational",Operational_RawData!$A:$A,0)+ROWS($2:16)-1)) -> Pass | S16: =IF(ROWS($2:16)>COUNTIF(Operational_RawData!$A:$A,"1_Operational"),"",INDEX(Operational_RawData!S:S,MATCH("1_Operational",Operational_RawData!$A:$A,0)+ROWS($2:16)-1)) -> 0 | T16: =IF(ROWS($2:16)>COUNTIF(Operational_RawData!$A:$A,"1_Operational"),"",INDEX(Operational_RawData!T:T,MATCH("1_Operational",Operational_RawData!$A:$A,0)+ROWS($2:16)-1)) -> 0
A17: =IF(ROWS($2:17)>COUNTIF(Operational_RawData!$A:$A,"1_Operational"),"",INDEX(Operational_RawData!A:A,MATCH("1_Operational",Operational_RawData!$A:$A,0)+ROWS($2:17)-1)) -> 1_Operational | B17: =IF(ROWS($2:17)>COUNTIF(Operational_RawData!$A:$A,"1_Operational"),"",INDEX(Operational_RawData!B:B,MATCH("1_Operational",Operational_RawData!$A:$A,0)+ROWS($2:17)-1)) -> 144521.84 | C17: =IF(ROWS($2:17)>COUNTIF(Operational_RawData!$A:$A,"1_Operational"),"",INDEX(Operational_RawData!C:C,MATCH("1_Operational",Operational_RawData!$A:$A,0)+ROWS($2:17)-1)) -> 11.33 | D17: =IF(ROWS($2:17)>COUNTIF(Operational_RawData!$A:$A,"1_Operational"),"",INDEX(Operational_RawData!D:D,MATCH("1_Operational",Operational_RawData!$A:$A,0)+ROWS($2:17)-1)) -> 1308.107 | E17: =IF(ROWS($2:17)>COUNTIF(Operational_RawData!$A:$A,"1_Operational"),"",INDEX(Operational_RawData!E:E,MATCH("1_Operational",Operational_RawData!$A:$A,0)+ROWS($2:17)-1)) -> 3.56 | F17: =IF(ROWS($2:17)>COUNTIF(Operational_RawData!$A:$A,"1_Operational"),"",INDEX(Operational_RawData!F:F,MATCH("1_Operational",Operational_RawData!$A:$A,0)+ROWS($2:17)-1)) -> 242.4 | G17: =IF(ROWS($2:17)>COUNTIF(Operational_RawData!$A:$A,"1_Operational"),"",INDEX(Operational_RawData!G:G,MATCH("1_Operational",Operational_RawData!$A:$A,0)+ROWS($2:17)-1)) -> 242.4 | H17: =IF(ROWS($2:17)>COUNTIF(Operational_RawData!$A:$A,"1_Operational"),"",INDEX(Operational_RawData!H:H,MATCH("1_Operational",Operational_RawData!$A:$A,0)+ROWS($2:17)-1)) -> 242.4 | I17: =IF(ROWS($2:17)>COUNTIF(Operational_RawData!$A:$A,"1_Operational"),"",INDEX(Operational_RawData!I:I,MATCH("1_Operational",Operational_RawData!$A:$A,0)+ROWS($2:17)-1)) -> 242.4 | J17: =IF(ROWS($2:17)>COUNTIF(Operational_RawData!$A:$A,"1_Operational"),"",INDEX(Operational_RawData!J:J,MATCH("1_Operational",Operational_RawData!$A:$A,0)+ROWS($2:17)-1)) -> 335.44 | K17: =IF(ROWS($2:17)>COUNTIF(Operational_RawData!$A:$A,"1_Operational"),"",INDEX(Operational_RawData!K:K,MATCH("1_Operational",Operational_RawData!$A:$A,0)+ROWS($2:17)-1)) -> 335.44 | L17: =IF(ROWS($2:17)>COUNTIF(Operational_RawData!$A:$A,"1_Operational"),"",INDEX(Operational_RawData!L:L,MATCH("1_Operational",Operational_RawData!$A:$A,0)+ROWS($2:17)-1)) -> 335.44 | M17: =IF(ROWS($2:17)>COUNTIF(Operational_RawData!$A:$A,"1_Operational"),"",INDEX(Operational_RawData!M:M,MATCH("1_Operational",Operational_RawData!$A:$A,0)+ROWS($2:17)-1)) -> 335.44 | N17: =IF(ROWS($2:17)>COUNTIF(Operational_RawData!$A:$A,"1_Operational"),"",INDEX(Operational_RawData!N:N,MATCH("1_Operational",Operational_RawData!$A:$A,0)+ROWS($2:17)-1)) -> 0.08 | O17: =IF(ROWS($2:17)>COUNTIF(Operational_RawData!$A:$A,"1_Operational"),"",INDEX(Operational_RawData!O:O,MATCH("1_Operational",Operational_RawData!$A:$A,0)+ROWS($2:17)-1)) -> 0.19 | P17: =IF(ROWS($2:17)>COUNTIF(Operational_RawData!$A:$A,"1_Operational"),"",INDEX(Operational_RawData!P:P,MATCH("1_Operational",Operational_RawData!$A:$A,0)+ROWS($2:17)-1)) -> 0.06 | Q17: =IF(ROWS($2:17)>COUNTIF(Operational_RawData!$A:$A,"1_Operational"),"",INDEX(Operational_RawData!Q:Q,MATCH("1_Operational",Operational_RawData!$A:$A,0)+ROWS($2:17)-1)) -> 0.1 | R17: =IF(ROWS($2:17)>COUNTIF(Operational_RawData!$A:$A,"1_Operational"),"",INDEX(Operational_RawData!R:R,MATCH("1_Operational",Operational_RawData!$A:$A,0)+ROWS($2:17)-1)) -> Pass | S17: =IF(ROWS($2:17)>COUNTIF(Operational_RawData!$A:$A,"1_Operational"),"",INDEX(Operational_RawData!S:S,MATCH("1_Operational",Operational_RawData!$A:$A,0)+ROWS($2:17)-1)) -> 0 | T17: =IF(ROWS($2:17)>COUNTIF(Operational_RawData!$A:$A,"1_Operational"),"",INDEX(Operational_RawData!T:T,MATCH("1_Operational",Operational_RawData!$A:$A,0)+ROWS($2:17)-1)) -> 0
A18: =IF(ROWS($2:18)>COUNTIF(Operational_RawData!$A:$A,"1_Operational"),"",INDEX(Operational_RawData!A:A,MATCH("1_Operational",Operational_RawData!$A:$A,0)+ROWS($2:18)-1)) -> 1_Operational | B18: =IF(ROWS($2:18)>COUNTIF(Operational_RawData!$A:$A,"1_Operational"),"",INDEX(Operational_RawData!B:B,MATCH("1_Operational",Operational_RawData!$A:$A,0)+ROWS($2:18)-1)) -> 144526.85 | C18: =IF(ROWS($2:18)>COUNTIF(Operational_RawData!$A:$A,"1_Operational"),"",INDEX(Operational_RawData!C:C,MATCH("1_Operational",Operational_RawData!$A:$A,0)+ROWS($2:18)-1)) -> 12.06 | D18: =IF(ROWS($2:18)>COUNTIF(Operational_RawData!$A:$A,"1_Operational"),"",INDEX(Operational_RawData!D:D,MATCH("1_Operational",Operational_RawData!$A:$A,0)+ROWS($2:18)-1)) -> 1308.164 | E18: =IF(ROWS($2:18)>COUNTIF(Operational_RawData!$A:$A,"1_Operational"),"",INDEX(Operational_RawData!E:E,MATCH("1_Operational",Operational_RawData!$A:$A,0)+ROWS($2:18)-1)) -> 3.48 | F18: =IF(ROWS($2:18)>COUNTIF(Operational_RawData!$A:$A,"1_Operational"),"",INDEX(Operational_RawData!F:F,MATCH("1_Operational",Operational_RawData!$A:$A,0)+ROWS($2:18)-1)) -> 240.96 | G18: =IF(ROWS($2:18)>COUNTIF(Operational_RawData!$A:$A,"1_Operational"),"",INDEX(Operational_RawData!G:G,MATCH("1_Operational",Operational_RawData!$A:$A,0)+ROWS($2:18)-1)) -> 240.96 | H18: =IF(ROWS($2:18)>COUNTIF(Operational_RawData!$A:$A,"1_Operational"),"",INDEX(Operational_RawData!H:H,MATCH("1_Operational",Operational_RawData!$A:$A,0)+ROWS($2:18)-1)) -> 240.96 | I18: =IF(ROWS($2:18)>COUNTIF(Operational_RawData!$A:$A,"1_Operational"),"",INDEX(Operational_RawData!I:I,MATCH("1_Operational",Operational_RawData!$A:$A,0)+ROWS($2:18)-1)) -> 240.96 | J18: =IF(ROWS($2:18)>COUNTIF(Operational_RawData!$A:$A,"1_Operational"),"",INDEX(Operational_RawData!J:J,MATCH("1_Operational",Operational_RawData!$A:$A,0)+ROWS($2:18)-1)) -> 334.04 | K18: =IF(ROWS($2:18)>COUNTIF(Operational_RawData!$A:$A,"1_Operational"),"",INDEX(Operational_RawData!K:K,MATCH("1_Operational",Operational_RawData!$A:$A,0)+ROWS($2:18)-1)) -> 334.04 | L18: =IF(ROWS($2:18)>COUNTIF(Operational_RawData!$A:$A,"1_Operational"),"",INDEX(Operational_RawData!L:L,MATCH("1_Operational",Operational_RawData!$A:$A,0)+ROWS($2:18)-1)) -> 334.04 | M18: =IF(ROWS($2:18)>COUNTIF(Operational_RawData!$A:$A,"1_Operational"),"",INDEX(Operational_RawData!M:M,MATCH("1_Operational",Operational_RawData!$A:$A,0)+ROWS($2:18)-1)) -> 334.04 | N18: =IF(ROWS($2:18)>COUNTIF(Operational_RawData!$A:$A,"1_Operational"),"",INDEX(Operational_RawData!N:N,MATCH("1_Operational",Operational_RawData!$A:$A,0)+ROWS($2:18)-1)) -> 0.08 | O18: =IF(ROWS($2:18)>COUNTIF(Operational_RawData!$A:$A,"1_Operational"),"",INDEX(Operational_RawData!O:O,MATCH("1_Operational",Operational_RawData!$A:$A,0)+ROWS($2:18)-1)) -> 0.19 | P18: =IF(ROWS($2:18)>COUNTIF(Operational_RawData!$A:$A,"1_Operational"),"",INDEX(Operational_RawData!P:P,MATCH("1_Operational",Operational_RawData!$A:$A,0)+ROWS($2:18)-1)) -> 0.06 | Q18: =IF(ROWS($2:18)>COUNTIF(Operational_RawData!$A:$A,"1_Operational"),"",INDEX(Operational_RawData!Q:Q,MATCH("1_Operational",Operational_RawData!$A:$A,0)+ROWS($2:18)-1)) -> 0.1 | R18: =IF(ROWS($2:18)>COUNTIF(Operational_RawData!$A:$A,"1_Operational"),"",INDEX(Operational_RawData!R:R,MATCH("1_Operational",Operational_RawData!$A:$A,0)+ROWS($2:18)-1)) -> Pass | S18: =IF(ROWS($2:18)>COUNTIF(Operational_RawData!$A:$A,"1_Operational"),"",INDEX(Operational_RawData!S:S,MATCH("1_Operational",Operational_RawData!$A:$A,0)+ROWS($2:18)-1)) -> 0 | T18: =IF(ROWS($2:18)>COUNTIF(Operational_RawData!$A:$A,"1_Operational"),"",INDEX(Operational_RawData!T:T,MATCH("1_Operational",Operational_RawData!$A:$A,0)+ROWS($2:18)-1)) -> 0
A19: =IF(ROWS($2:19)>COUNTIF(Operational_RawData!$A:$A,"1_Operational"),"",INDEX(Operational_RawData!A:A,MATCH("1_Operational",Operational_RawData!$A:$A,0)+ROWS($2:19)-1)) -> 1_Operational | B19: =IF(ROWS($2:19)>COUNTIF(Operational_RawData!$A:$A,"1_Operational"),"",INDEX(Operational_RawData!B:B,MATCH("1_Operational",Operational_RawData!$A:$A,0)+ROWS($2:19)-1)) -> 144531.85 | C19: =IF(ROWS($2:19)>COUNTIF(Operational_RawData!$A:$A,"1_Operational"),"",INDEX(Operational_RawData!C:C,MATCH("1_Operational",Operational_RawData!$A:$A,0)+ROWS($2:19)-1)) -> 12.8 | D19: =IF(ROWS($2:19)>COUNTIF(Operational_RawData!$A:$A,"1_Operational"),"",INDEX(Operational_RawData!D:D,MATCH("1_Operational",Operational_RawData!$A:$A,0)+ROWS($2:19)-1)) -> 1308.221 | E19: =IF(ROWS($2:19)>COUNTIF(Operational_RawData!$A:$A,"1_Operational"),"",INDEX(Operational_RawData!E:E,MATCH("1_Operational",Operational_RawData!$A:$A,0)+ROWS($2:19)-1)) -> 3.5 | F19: =IF(ROWS($2:19)>COUNTIF(Operational_RawData!$A:$A,"1_Operational"),"",INDEX(Operational_RawData!F:F,MATCH("1_Operational",Operational_RawData!$A:$A,0)+ROWS($2:19)-1)) -> 239.2 | G19: =IF(ROWS($2:19)>COUNTIF(Operational_RawData!$A:$A,"1_Operational"),"",INDEX(Operational_RawData!G:G,MATCH("1_Operational",Operational_RawData!$A:$A,0)+ROWS($2:19)-1)) -> 239.2 | H19: =IF(ROWS($2:19)>COUNTIF(Operational_RawData!$A:$A,"1_Operational"),"",INDEX(Operational_RawData!H:H,MATCH("1_Operational",Operational_RawData!$A:$A,0)+ROWS($2:19)-1)) -> 239.2 | I19: =IF(ROWS($2:19)>COUNTIF(Operational_RawData!$A:$A,"1_Operational"),"",INDEX(Operational_RawData!I:I,MATCH("1_Operational",Operational_RawData!$A:$A,0)+ROWS($2:19)-1)) -> 239.2 | J19: =IF(ROWS($2:19)>COUNTIF(Operational_RawData!$A:$A,"1_Operational"),"",INDEX(Operational_RawData!J:J,MATCH("1_Operational",Operational_RawData!$A:$A,0)+ROWS($2:19)-1)) -> 332.68 | K19: =IF(ROWS($2:19)>COUNTIF(Operational_RawData!$A:$A,"1_Operational"),"",INDEX(Operational_RawData!K:K,MATCH("1_Operational",Operational_RawData!$A:$A,0)+ROWS($2:19)-1)) -> 332.68 | L19: =IF(ROWS($2:19)>COUNTIF(Operational_RawData!$A:$A,"1_Operational"),"",INDEX(Operational_RawData!L:L,MATCH("1_Operational",Operational_RawData!$A:$A,0)+ROWS($2:19)-1)) -> 332.68 | M19: =IF(ROWS($2:19)>COUNTIF(Operational_RawData!$A:$A,"1_Operational"),"",INDEX(Operational_RawData!M:M,MATCH("1_Operational",Operational_RawData!$A:$A,0)+ROWS($2:19)-1)) -> 332.64 | N19: =IF(ROWS($2:19)>COUNTIF(Operational_RawData!$A:$A,"1_Operational"),"",INDEX(Operational_RawData!N:N,MATCH("1_Operational",Operational_RawData!$A:$A,0)+ROWS($2:19)-1)) -> 0.08 | O19: =IF(ROWS($2:19)>COUNTIF(Operational_RawData!$A:$A,"1_Operational"),"",INDEX(Operational_RawData!O:O,MATCH("1_Operational",Operational_RawData!$A:$A,0)+ROWS($2:19)-1)) -> 0.19 | P19: =IF(ROWS($2:19)>COUNTIF(Operational_RawData!$A:$A,"1_Operational"),"",INDEX(Operational_RawData!P:P,MATCH("1_Operational",Operational_RawData!$A:$A,0)+ROWS($2:19)-1)) -> 0.06 | Q19: =IF(ROWS($2:19)>COUNTIF(Operational_RawData!$A:$A,"1_Operational"),"",INDEX(Operational_RawData!Q:Q,MATCH("1_Operational",Operational_RawData!$A:$A,0)+ROWS($2:19)-1)) -> 0.1 | R19: =IF(ROWS($2:19)>COUNTIF(Operational_RawData!$A:$A,"1_Operational"),"",INDEX(Operational_RawData!R:R,MATCH("1_Operational",Operational_RawData!$A:$A,0)+ROWS($2:19)-1)) -> Pass | S19: =IF(ROWS($2:19)>COUNTIF(Operational_RawData!$A:$A,"1_Operational"),"",INDEX(Operational_RawData!S:S,MATCH("1_Operational",Operational_RawData!$A:$A,0)+ROWS($2:19)-1)) -> 0 | T19: =IF(ROWS($2:19)>COUNTIF(Operational_RawData!$A:$A,"1_Operational"),"",INDEX(Operational_RawData!T:T,MATCH("1_Operational",Operational_RawData!$A:$A,0)+ROWS($2:19)-1)) -> 0
A20: =IF(ROWS($2:20)>COUNTIF(Operational_RawData!$A:$A,"1_Operational"),"",INDEX(Operational_RawData!A:A,MATCH("1_Operational",Operational_RawData!$A:$A,0)+ROWS($2:20)-1)) -> 1_Operational | B20: =IF(ROWS($2:20)>COUNTIF(Operational_RawData!$A:$A,"1_Operational"),"",INDEX(Operational_RawData!B:B,MATCH("1_Operational",Operational_RawData!$A:$A,0)+ROWS($2:20)-1)) -> 144536.85 | C20: =IF(ROWS($2:20)>COUNTIF(Operational_RawData!$A:$A,"1_Operational"),"",INDEX(Operational_RawData!C:C,MATCH("1_Operational",Operational_RawData!$A:$A,0)+ROWS($2:20)-1)) -> 13.57 | D20: =IF(ROWS($2:20)>COUNTIF(Operational_RawData!$A:$A,"1_Operational"),"",INDEX(Operational_RawData!D:D,MATCH("1_Operational",Operational_RawData!$A:$A,0)+ROWS($2:20)-1)) -> 1308.278 | E20: =IF(ROWS($2:20)>COUNTIF(Operational_RawData!$A:$A,"1_Operational"),"",INDEX(Operational_RawData!E:E,MATCH("1_Operational",Operational_RawData!$A:$A,0)+ROWS($2:20)-1)) -> 3.56 | F20: =IF(ROWS($2:20)>COUNTIF(Operational_RawData!$A:$A,"1_Operational"),"",INDEX(Operational_RawData!F:F,MATCH("1_Operational",Operational_RawData!$A:$A,0)+ROWS($2:20)-1)) -> 237.68 | G20: =IF(ROWS($2:20)>COUNTIF(Operational_RawData!$A:$A,"1_Operational"),"",INDEX(Operational_RawData!G:G,MATCH("1_Operational",Operational_RawData!$A:$A,0)+ROWS($2:20)-1)) -> 237.68 | H20: =IF(ROWS($2:20)>COUNTIF(Operational_RawData!$A:$A,"1_Operational"),"",INDEX(Operational_RawData!H:H,MATCH("1_Operational",Operational_RawData!$A:$A,0)+ROWS($2:20)-1)) -> 237.68 | I20: =IF(ROWS($2:20)>COUNTIF(Operational_RawData!$A:$A,"1_Operational"),"",INDEX(Operational_RawData!I:I,MATCH("1_Operational",Operational_RawData!$A:$A,0)+ROWS($2:20)-1)) -> 237.68 | J20: =IF(ROWS($2:20)>COUNTIF(Operational_RawData!$A:$A,"1_Operational"),"",INDEX(Operational_RawData!J:J,MATCH("1_Operational",Operational_RawData!$A:$A,0)+ROWS($2:20)-1)) -> 331.4 | K20: =IF(ROWS($2:20)>COUNTIF(Operational_RawData!$A:$A,"1_Operational"),"",INDEX(Operational_RawData!K:K,MATCH("1_Operational",Operational_RawData!$A:$A,0)+ROWS($2:20)-1)) -> 331.4 | L20: =IF(ROWS($2:20)>COUNTIF(Operational_RawData!$A:$A,"1_Operational"),"",INDEX(Operational_RawData!L:L,MATCH("1_Operational",Operational_RawData!$A:$A,0)+ROWS($2:20)-1)) -> 331.4 | M20: =IF(ROWS($2:20)>COUNTIF(Operational_RawData!$A:$A,"1_Operational"),"",INDEX(Operational_RawData!M:M,MATCH("1_Operational",Operational_RawData!$A:$A,0)+ROWS($2:20)-1)) -> 331.4 | N20: =IF(ROWS($2:20)>COUNTIF(Operational_RawData!$A:$A,"1_Operational"),"",INDEX(Operational_RawData!N:N,MATCH("1_Operational",Operational_RawData!$A:$A,0)+ROWS($2:20)-1)) -> 0.07 | O20: =IF(ROWS($2:20)>COUNTIF(Operational_RawData!$A:$A,"1_Operational"),"",INDEX(Operational_RawData!O:O,MATCH("1_Operational",Operational_RawData!$A:$A,0)+ROWS($2:20)-1)) -> 0.19 | P20: =IF(ROWS($2:20)>COUNTIF(Operational_RawData!$A:$A,"1_Operational"),"",INDEX(Operational_RawData!P:P,MATCH("1_Operational",Operational_RawData!$A:$A,0)+ROWS($2:20)-1)) -> 0.06 | Q20: =IF(ROWS($2:20)>COUNTIF(Operational_RawData!$A:$A,"1_Operational"),"",INDEX(Operational_RawData!Q:Q,MATCH("1_Operational",Operational_RawData!$A:$A,0)+ROWS($2:20)-1)) -> 0.1 | R20: =IF(ROWS($2:20)>COUNTIF(Operational_RawData!$A:$A,"1_Operational"),"",INDEX(Operational_RawData!R:R,MATCH("1_Operational",Operational_RawData!$A:$A,0)+ROWS($2:20)-1)) -> Pass | S20: =IF(ROWS($2:20)>COUNTIF(Operational_RawData!$A:$A,"1_Operational"),"",INDEX(Operational_RawData!S:S,MATCH("1_Operational",Operational_RawData!$A:$A,0)+ROWS($2:20)-1)) -> 0 | T20: =IF(ROWS($2:20)>COUNTIF(Operational_RawData!$A:$A,"1_Operational"),"",INDEX(Operational_RawData!T:T,MATCH("1_Operational",Operational_RawData!$A:$A,0)+ROWS($2:20)-1)) -> 0
A21: =IF(ROWS($2:21)>COUNTIF(Operational_RawData!$A:$A,"1_Operational"),"",INDEX(Operational_RawData!A:A,MATCH("1_Operational",Operational_RawData!$A:$A,0)+ROWS($2:21)-1)) -> 1_Operational | B21: =IF(ROWS($2:21)>COUNTIF(Operational_RawData!$A:$A,"1_Operational"),"",INDEX(Operational_RawData!B:B,MATCH("1_Operational",Operational_RawData!$A:$A,0)+ROWS($2:21)-1)) -> 144541.85 | C21: =IF(ROWS($2:21)>COUNTIF(Operational_RawData!$A:$A,"1_Operational"),"",INDEX(Operational_RawData!C:C,MATCH("1_Operational",Operational_RawData!$A:$A,0)+ROWS($2:21)-1)) -> 14.33 | D21: =IF(ROWS($2:21)>COUNTIF(Operational_RawData!$A:$A,"1_Operational"),"",INDEX(Operational_RawData!D:D,MATCH("1_Operational",Operational_RawData!$A:$A,0)+ROWS($2:21)-1)) -> 1308.337 | E21: =IF(ROWS($2:21)>COUNTIF(Operational_RawData!$A:$A,"1_Operational"),"",INDEX(Operational_RawData!E:E,MATCH("1_Operational",Operational_RawData!$A:$A,0)+ROWS($2:21)-1)) -> 3.63 | F21: =IF(ROWS($2:21)>COUNTIF(Operational_RawData!$A:$A,"1_Operational"),"",INDEX(Operational_RawData!F:F,MATCH("1_Operational",Operational_RawData!$A:$A,0)+ROWS($2:21)-1)) -> 236.08 | G21: =IF(ROWS($2:21)>COUNTIF(Operational_RawData!$A:$A,"1_Operational"),"",INDEX(Operational_RawData!G:G,MATCH("1_Operational",Operational_RawData!$A:$A,0)+ROWS($2:21)-1)) -> 236.08 | H21: =IF(ROWS($2:21)>COUNTIF(Operational_RawData!$A:$A,"1_Operational"),"",INDEX(Operational_RawData!H:H,MATCH("1_Operational",Operational_RawData!$A:$A,0)+ROWS($2:21)-1)) -> 236.08 | I21: =IF(ROWS($2:21)>COUNTIF(Operational_RawData!$A:$A,"1_Operational"),"",INDEX(Operational_RawData!I:I,MATCH("1_Operational",Operational_RawData!$A:$A,0)+ROWS($2:21)-1)) -> 236.08 | J21: =IF(ROWS($2:21)>COUNTIF(Operational_RawData!$A:$A,"1_Operational"),"",INDEX(Operational_RawData!J:J,MATCH("1_Operational",Operational_RawData!$A:$A,0)+ROWS($2:21)-1)) -> 330.16 | K21: =IF(ROWS($2:21)>COUNTIF(Operational_RawData!$A:$A,"1_Operational"),"",INDEX(Operational_RawData!K:K,MATCH("1_Operational",Operational_RawData!$A:$A,0)+ROWS($2:21)-1)) -> 330.16 | L21: =IF(ROWS($2:21)>COUNTIF(Operational_RawData!$A:$A,"1_Operational"),"",INDEX(Operational_RawData!L:L,MATCH("1_Operational",Operational_RawData!$A:$A,0)+ROWS($2:21)-1)) -> 330.16 | M21: =IF(ROWS($2:21)>COUNTIF(Operational_RawData!$A:$A,"1_Operational"),"",INDEX(Operational_RawData!M:M,MATCH("1_Operational",Operational_RawData!$A:$A,0)+ROWS($2:21)-1)) -> 330.16 | N21: =IF(ROWS($2:21)>COUNTIF(Operational_RawData!$A:$A,"1_Operational"),"",INDEX(Operational_RawData!N:N,MATCH("1_Operational",Operational_RawData!$A:$A,0)+ROWS($2:21)-1)) -> 0.08 | O21: =IF(ROWS($2:21)>COUNTIF(Operational_RawData!$A:$A,"1_Operational"),"",INDEX(Operational_RawData!O:O,MATCH("1_Operational",Operational_RawData!$A:$A,0)+ROWS($2:21)-1)) -> 0.19 | P21: =IF(ROWS($2:21)>COUNTIF(Operational_RawData!$A:$A,"1_Operational"),"",INDEX(Operational_RawData!P:P,MATCH("1_Operational",Operational_RawData!$A:$A,0)+ROWS($2:21)-1)) -> 0.06 | Q21: =IF(ROWS($2:21)>COUNTIF(Operational_RawData!$A:$A,"1_Operational"),"",INDEX(Operational_RawData!Q:Q,MATCH("1_Operational",Operational_RawData!$A:$A,0)+ROWS($2:21)-1)) -> 0.1 | R21: =IF(ROWS($2:21)>COUNTIF(Operational_RawData!$A:$A,"1_Operational"),"",INDEX(Operational_RawData!R:R,MATCH("1_Operational",Operational_RawData!$A:$A,0)+ROWS($2:21)-1)) -> Pass | S21: =IF(ROWS($2:21)>COUNTIF(Operational_RawData!$A:$A,"1_Operational"),"",INDEX(Operational_RawData!S:S,MATCH("1_Operational",Operational_RawData!$A:$A,0)+ROWS($2:21)-1)) -> 0 | T21: =IF(ROWS($2:21)>COUNTIF(Operational_RawData!$A:$A,"1_Operational"),"",INDEX(Operational_RawData!T:T,MATCH("1_Operational",Operational_RawData!$A:$A,0)+ROWS($2:21)-1)) -> 0
A22: =IF(ROWS($2:22)>COUNTIF(Operational_RawData!$A:$A,"1_Operational"),"",INDEX(Operational_RawData!A:A,MATCH("1_Operational",Operational_RawData!$A:$A,0)+ROWS($2:22)-1)) -> 1_Operational | B22: =IF(ROWS($2:22)>COUNTIF(Operational_RawData!$A:$A,"1_Operational"),"",INDEX(Operational_RawData!B:B,MATCH("1_Operational",Operational_RawData!$A:$A,0)+ROWS($2:22)-1)) -> 144546.86 | C22: =IF(ROWS($2:22)>COUNTIF(Operational_RawData!$A:$A,"1_Operational"),"",INDEX(Operational_RawData!C:C,MATCH("1_Operational",Operational_RawData!$A:$A,0)+ROWS($2:22)-1)) -> 15.07 | D22: =IF(ROWS($2:22)>COUNTIF(Operational_RawData!$A:$A,"1_Operational"),"",INDEX(Operational_RawData!D:D,MATCH("1_Operational",Operational_RawData!$A:$A,0)+ROWS($2:22)-1)) -> 1308.398 | E22: =IF(ROWS($2:22)>COUNTIF(Operational_RawData!$A:$A,"1_Operational"),"",INDEX(Operational_RawData!E:E,MATCH("1_Operational",Operational_RawData!$A:$A,0)+ROWS($2:22)-1)) -> 3.64 | F22: =IF(ROWS($2:22)>COUNTIF(Operational_RawData!$A:$A,"1_Operational"),"",INDEX(Operational_RawData!F:F,MATCH("1_Operational",Operational_RawData!$A:$A,0)+ROWS($2:22)-1)) -> 234.68 | G22: =IF(ROWS($2:22)>COUNTIF(Operational_RawData!$A:$A,"1_Operational"),"",INDEX(Operational_RawData!G:G,MATCH("1_Operational",Operational_RawData!$A:$A,0)+ROWS($2:22)-1)) -> 234.68 | H22: =IF(ROWS($2:22)>COUNTIF(Operational_RawData!$A:$A,"1_Operational"),"",INDEX(Operational_RawData!H:H,MATCH("1_Operational",Operational_RawData!$A:$A,0)+ROWS($2:22)-1)) -> 234.68 | I22: =IF(ROWS($2:22)>COUNTIF(Operational_RawData!$A:$A,"1_Operational"),"",INDEX(Operational_RawData!I:I,MATCH("1_Operational",Operational_RawData!$A:$A,0)+ROWS($2:22)-1)) -> 234.68 | J22: =IF(ROWS($2:22)>COUNTIF(Operational_RawData!$A:$A,"1_Operational"),"",INDEX(Operational_RawData!J:J,MATCH("1_Operational",Operational_RawData!$A:$A,0)+ROWS($2:22)-1)) -> 328.96 | K22: =IF(ROWS($2:22)>COUNTIF(Operational_RawData!$A:$A,"1_Operational"),"",INDEX(Operational_RawData!K:K,MATCH("1_Operational",Operational_RawData!$A:$A,0)+ROWS($2:22)-1)) -> 328.96 | L22: =IF(ROWS($2:22)>COUNTIF(Operational_RawData!$A:$A,"1_Operational"),"",INDEX(Operational_RawData!L:L,MATCH("1_Operational",Operational_RawData!$A:$A,0)+ROWS($2:22)-1)) -> 328.96 | M22: =IF(ROWS($2:22)>COUNTIF(Operational_RawData!$A:$A,"1_Operational"),"",INDEX(Operational_RawData!M:M,MATCH("1_Operational",Operational_RawData!$A:$A,0)+ROWS($2:22)-1)) -> 328.96 | N22: =IF(ROWS($2:22)>COUNTIF(Operational_RawData!$A:$A,"1_Operational"),"",INDEX(Operational_RawData!N:N,MATCH("1_Operational",Operational_RawData!$A:$A,0)+ROWS($2:22)-1)) -> 0.08 | O22: =IF(ROWS($2:22)>COUNTIF(Operational_RawData!$A:$A,"1_Operational"),"",INDEX(Operational_RawData!O:O,MATCH("1_Operational",Operational_RawData!$A:$A,0)+ROWS($2:22)-1)) -> 0.19 | P22: =IF(ROWS($2:22)>COUNTIF(Operational_RawData!$A:$A,"1_Operational"),"",INDEX(Operational_RawData!P:P,MATCH("1_Operational",Operational_RawData!$A:$A,0)+ROWS($2:22)-1)) -> 0.06 | Q22: =IF(ROWS($2:22)>COUNTIF(Operational_RawData!$A:$A,"1_Operational"),"",INDEX(Operational_RawData!Q:Q,MATCH("1_Operational",Operational_RawData!$A:$A,0)+ROWS($2:22)-1)) -> 0.1 | R22: =IF(ROWS($2:22)>COUNTIF(Operational_RawData!$A:$A,"1_Operational"),"",INDEX(Operational_RawData!R:R,MATCH("1_Operational",Operational_RawData!$A:$A,0)+ROWS($2:22)-1)) -> Pass | S22: =IF(ROWS($2:22)>COUNTIF(Operational_RawData!$A:$A,"1_Operational"),"",INDEX(Operational_RawData!S:S,MATCH("1_Operational",Operational_RawData!$A:$A,0)+ROWS($2:22)-1)) -> 0 | T22: =IF(ROWS($2:22)>COUNTIF(Operational_RawData!$A:$A,"1_Operational"),"",INDEX(Operational_RawData!T:T,MATCH("1_Operational",Operational_RawData!$A:$A,0)+ROWS($2:22)-1)) -> 0
A23: =IF(ROWS($2:23)>COUNTIF(Operational_RawData!$A:$A,"1_Operational"),"",INDEX(Operational_RawData!A:A,MATCH("1_Operational",Operational_RawData!$A:$A,0)+ROWS($2:23)-1)) -> 1_Operational | B23: =IF(ROWS($2:23)>COUNTIF(Operational_RawData!$A:$A,"1_Operational"),"",INDEX(Operational_RawData!B:B,MATCH("1_Operational",Operational_RawData!$A:$A,0)+ROWS($2:23)-1)) -> 144551.85 | C23: =IF(ROWS($2:23)>COUNTIF(Operational_RawData!$A:$A,"1_Operational"),"",INDEX(Operational_RawData!C:C,MATCH("1_Operational",Operational_RawData!$A:$A,0)+ROWS($2:23)-1)) -> 15.84 | D23: =IF(ROWS($2:23)>COUNTIF(Operational_RawData!$A:$A,"1_Operational"),"",INDEX(Operational_RawData!D:D,MATCH("1_Operational",Operational_RawData!$A:$A,0)+ROWS($2:23)-1)) -> 1308.459 | E23: =IF(ROWS($2:23)>COUNTIF(Operational_RawData!$A:$A,"1_Operational"),"",INDEX(Operational_RawData!E:E,MATCH("1_Operational",Operational_RawData!$A:$A,0)+ROWS($2:23)-1)) -> 3.63 | F23: =IF(ROWS($2:23)>COUNTIF(Operational_RawData!$A:$A,"1_Operational"),"",INDEX(Operational_RawData!F:F,MATCH("1_Operational",Operational_RawData!$A:$A,0)+ROWS($2:23)-1)) -> 233.32 | G23: =IF(ROWS($2:23)>COUNTIF(Operational_RawData!$A:$A,"1_Operational"),"",INDEX(Operational_RawData!G:G,MATCH("1_Operational",Operational_RawData!$A:$A,0)+ROWS($2:23)-1)) -> 233.32 | H23: =IF(ROWS($2:23)>COUNTIF(Operational_RawData!$A:$A,"1_Operational"),"",INDEX(Operational_RawData!H:H,MATCH("1_Operational",Operational_RawData!$A:$A,0)+ROWS($2:23)-1)) -> 233.32 | I23: =IF(ROWS($2:23)>COUNTIF(Operational_RawData!$A:$A,"1_Operational"),"",INDEX(Operational_RawData!I:I,MATCH("1_Operational",Operational_RawData!$A:$A,0)+ROWS($2:23)-1)) -> 233.32 | J23: =IF(ROWS($2:23)>COUNTIF(Operational_RawData!$A:$A,"1_Operational"),"",INDEX(Operational_RawData!J:J,MATCH("1_Operational",Operational_RawData!$A:$A,0)+ROWS($2:23)-1)) -> 327.8 | K23: =IF(ROWS($2:23)>COUNTIF(Operational_RawData!$A:$A,"1_Operational"),"",INDEX(Operational_RawData!K:K,MATCH("1_Operational",Operational_RawData!$A:$A,0)+ROWS($2:23)-1)) -> 327.8 | L23: =IF(ROWS($2:23)>COUNTIF(Operational_RawData!$A:$A,"1_Operational"),"",INDEX(Operational_RawData!L:L,MATCH("1_Operational",Operational_RawData!$A:$A,0)+ROWS($2:23)-1)) -> 327.8 | M23: =IF(ROWS($2:23)>COUNTIF(Operational_RawData!$A:$A,"1_Operational"),"",INDEX(Operational_RawData!M:M,MATCH("1_Operational",Operational_RawData!$A:$A,0)+ROWS($2:23)-1)) -> 327.8 | N23: =IF(ROWS($2:23)>COUNTIF(Operational_RawData!$A:$A,"1_Operational"),"",INDEX(Operational_RawData!N:N,MATCH("1_Operational",Operational_RawData!$A:$A,0)+ROWS($2:23)-1)) -> 0.08 | O23: =IF(ROWS($2:23)>COUNTIF(Operational_RawData!$A:$A,"1_Operational"),"",INDEX(Operational_RawData!O:O,MATCH("1_Operational",Operational_RawData!$A:$A,0)+ROWS($2:23)-1)) -> 0.19 | P23: =IF(ROWS($2:23)>COUNTIF(Operational_RawData!$A:$A,"1_Operational"),"",INDEX(Operational_RawData!P:P,MATCH("1_Operational",Operational_RawData!$A:$A,0)+ROWS($2:23)-1)) -> 0.06 | Q23: =IF(ROWS($2:23)>COUNTIF(Operational_RawData!$A:$A,"1_Operational"),"",INDEX(Operational_RawData!Q:Q,MATCH("1_Operational",Operational_RawData!$A:$A,0)+ROWS($2:23)-1)) -> 0.1 | R23: =IF(ROWS($2:23)>COUNTIF(Operational_RawData!$A:$A,"1_Operational"),"",INDEX(Operational_RawData!R:R,MATCH("1_Operational",Operational_RawData!$A:$A,0)+ROWS($2:23)-1)) -> Pass | S23: =IF(ROWS($2:23)>COUNTIF(Operational_RawData!$A:$A,"1_Operational"),"",INDEX(Operational_RawData!S:S,MATCH("1_Operational",Operational_RawData!$A:$A,0)+ROWS($2:23)-1)) -> 0 | T23: =IF(ROWS($2:23)>COUNTIF(Operational_RawData!$A:$A,"1_Operational"),"",INDEX(Operational_RawData!T:T,MATCH("1_Operational",Operational_RawData!$A:$A,0)+ROWS($2:23)-1)) -> 0
A24: =IF(ROWS($2:24)>COUNTIF(Operational_RawData!$A:$A,"1_Operational"),"",INDEX(Operational_RawData!A:A,MATCH("1_Operational",Operational_RawData!$A:$A,0)+ROWS($2:24)-1)) -> 1_Operational | B24: =IF(ROWS($2:24)>COUNTIF(Operational_RawData!$A:$A,"1_Operational"),"",INDEX(Operational_RawData!B:B,MATCH("1_Operational",Operational_RawData!$A:$A,0)+ROWS($2:24)-1)) -> 144556.85 | C24: =IF(ROWS($2:24)>COUNTIF(Operational_RawData!$A:$A,"1_Operational"),"",INDEX(Operational_RawData!C:C,MATCH("1_Operational",Operational_RawData!$A:$A,0)+ROWS($2:24)-1)) -> 16.58 | D24: =IF(ROWS($2:24)>COUNTIF(Operational_RawData!$A:$A,"1_Operational"),"",INDEX(Operational_RawData!D:D,MATCH("1_Operational",Operational_RawData!$A:$A,0)+ROWS($2:24)-1)) -> 1308.52 | E24: =IF(ROWS($2:24)>COUNTIF(Operational_RawData!$A:$A,"1_Operational"),"",INDEX(Operational_RawData!E:E,MATCH("1_Operational",Operational_RawData!$A:$A,0)+ROWS($2:24)-1)) -> 3.63 | F24: =IF(ROWS($2:24)>COUNTIF(Operational_RawData!$A:$A,"1_Operational"),"",INDEX(Operational_RawData!F:F,MATCH("1_Operational",Operational_RawData!$A:$A,0)+ROWS($2:24)-1)) -> 232 | G24: =IF(ROWS($2:24)>COUNTIF(Operational_RawData!$A:$A,"1_Operational"),"",INDEX(Operational_RawData!G:G,MATCH("1_Operational",Operational_RawData!$A:$A,0)+ROWS($2:24)-1)) -> 232 | H24: =IF(ROWS($2:24)>COUNTIF(Operational_RawData!$A:$A,"1_Operational"),"",INDEX(Operational_RawData!H:H,MATCH("1_Operational",Operational_RawData!$A:$A,0)+ROWS($2:24)-1)) -> 232 | I24: =IF(ROWS($2:24)>COUNTIF(Operational_RawData!$A:$A,"1_Operational"),"",INDEX(Operational_RawData!I:I,MATCH("1_Operational",Operational_RawData!$A:$A,0)+ROWS($2:24)-1)) -> 232 | J24: =IF(ROWS($2:24)>COUNTIF(Operational_RawData!$A:$A,"1_Operational"),"",INDEX(Operational_RawData!J:J,MATCH("1_Operational",Operational_RawData!$A:$A,0)+ROWS($2:24)-1)) -> 326.72 | K24: =IF(ROWS($2:24)>COUNTIF(Operational_RawData!$A:$A,"1_Operational"),"",INDEX(Operational_RawData!K:K,MATCH("1_Operational",Operational_RawData!$A:$A,0)+ROWS($2:24)-1)) -> 326.72 | L24: =IF(ROWS($2:24)>COUNTIF(Operational_RawData!$A:$A,"1_Operational"),"",INDEX(Operational_RawData!L:L,MATCH("1_Operational",Operational_RawData!$A:$A,0)+ROWS($2:24)-1)) -> 326.72 | M24: =IF(ROWS($2:24)>COUNTIF(Operational_RawData!$A:$A,"1_Operational"),"",INDEX(Operational_RawData!M:M,MATCH("1_Operational",Operational_RawData!$A:$A,0)+ROWS($2:24)-1)) -> 326.72 | N24: =IF(ROWS($2:24)>COUNTIF(Operational_RawData!$A:$A,"1_Operational"),"",INDEX(Operational_RawData!N:N,MATCH("1_Operational",Operational_RawData!$A:$A,0)+ROWS($2:24)-1)) -> 0.08 | O24: =IF(ROWS($2:24)>COUNTIF(Operational_RawData!$A:$A,"1_Operational"),"",INDEX(Operational_RawData!O:O,MATCH("1_Operational",Operational_RawData!$A:$A,0)+ROWS($2:24)-1)) -> 0.19 | P24: =IF(ROWS($2:24)>COUNTIF(Operational_RawData!$A:$A,"1_Operational"),"",INDEX(Operational_RawData!P:P,MATCH("1_Operational",Operational_RawData!$A:$A,0)+ROWS($2:24)-1)) -> 0.06 | Q24: =IF(ROWS($2:24)>COUNTIF(Operational_RawData!$A:$A,"1_Operational"),"",INDEX(Operational_RawData!Q:Q,MATCH("1_Operational",Operational_RawData!$A:$A,0)+ROWS($2:24)-1)) -> 0.1 | R24: =IF(ROWS($2:24)>COUNTIF(Operational_RawData!$A:$A,"1_Operational"),"",INDEX(Operational_RawData!R:R,MATCH("1_Operational",Operational_RawData!$A:$A,0)+ROWS($2:24)-1)) -> Pass | S24: =IF(ROWS($2:24)>COUNTIF(Operational_RawData!$A:$A,"1_Operational"),"",INDEX(Operational_RawData!S:S,MATCH("1_Operational",Operational_RawData!$A:$A,0)+ROWS($2:24)-1)) -> 0 | T24: =IF(ROWS($2:24)>COUNTIF(Operational_RawData!$A:$A,"1_Operational"),"",INDEX(Operational_RawData!T:T,MATCH("1_Operational",Operational_RawData!$A:$A,0)+ROWS($2:24)-1)) -> 0
A25: =IF(ROWS($2:25)>COUNTIF(Operational_RawData!$A:$A,"1_Operational"),"",INDEX(Operational_RawData!A:A,MATCH("1_Operational",Operational_RawData!$A:$A,0)+ROWS($2:25)-1)) -> 1_Operational | B25: =IF(ROWS($2:25)>COUNTIF(Operational_RawData!$A:$A,"1_Operational"),"",INDEX(Operational_RawData!B:B,MATCH("1_Operational",Operational_RawData!$A:$A,0)+ROWS($2:25)-1)) -> 144601.86 | C25: =IF(ROWS($2:25)>COUNTIF(Operational_RawData!$A:$A,"1_Operational"),"",INDEX(Operational_RawData!C:C,MATCH("1_Operational",Operational_RawData!$A:$A,0)+ROWS($2:25)-1)) -> 17.35 | D25: =IF(ROWS($2:25)>COUNTIF(Operational_RawData!$A:$A,"1_Operational"),"",INDEX(Operational_RawData!D:D,MATCH("1_Operational",Operational_RawData!$A:$A,0)+ROWS($2:25)-1)) -> 1308.576 | E25: =IF(ROWS($2:25)>COUNTIF(Operational_RawData!$A:$A,"1_Operational"),"",INDEX(Operational_RawData!E:E,MATCH("1_Operational",Operational_RawData!$A:$A,0)+ROWS($2:25)-1)) -> 3.57 | F25: =IF(ROWS($2:25)>COUNTIF(Operational_RawData!$A:$A,"1_Operational"),"",INDEX(Operational_RawData!F:F,MATCH("1_Operational",Operational_RawData!$A:$A,0)+ROWS($2:25)-1)) -> 230.88 | G25: =IF(ROWS($2:25)>COUNTIF(Operational_RawData!$A:$A,"1_Operational"),"",INDEX(Operational_RawData!G:G,MATCH("1_Operational",Operational_RawData!$A:$A,0)+ROWS($2:25)-1)) -> 230.88 | H25: =IF(ROWS($2:25)>COUNTIF(Operational_RawData!$A:$A,"1_Operational"),"",INDEX(Operational_RawData!H:H,MATCH("1_Operational",Operational_RawData!$A:$A,0)+ROWS($2:25)-1)) -> 230.88 | I25: =IF(ROWS($2:25)>COUNTIF(Operational_RawData!$A:$A,"1_Operational"),"",INDEX(Operational_RawData!I:I,MATCH("1_Operational",Operational_RawData!$A:$A,0)+ROWS($2:25)-1)) -> 230.88 | J25: =IF(ROWS($2:25)>COUNTIF(Operational_RawData!$A:$A,"1_Operational"),"",INDEX(Operational_RawData!J:J,MATCH("1_Operational",Operational_RawData!$A:$A,0)+ROWS($2:25)-1)) -> 325.68 | K25: =IF(ROWS($2:25)>COUNTIF(Operational_RawData!$A:$A,"1_Operational"),"",INDEX(Operational_RawData!K:K,MATCH("1_Operational",Operational_RawData!$A:$A,0)+ROWS($2:25)-1)) -> 325.68 | L25: =IF(ROWS($2:25)>COUNTIF(Operational_RawData!$A:$A,"1_Operational"),"",INDEX(Operational_RawData!L:L,MATCH("1_Operational",Operational_RawData!$A:$A,0)+ROWS($2:25)-1)) -> 325.68 | M25: =IF(ROWS($2:25)>COUNTIF(Operational_RawData!$A:$A,"1_Operational"),"",INDEX(Operational_RawData!M:M,MATCH("1_Operational",Operational_RawData!$A:$A,0)+ROWS($2:25)-1)) -> 325.68 | N25: =IF(ROWS($2:25)>COUNTIF(Operational_RawData!$A:$A,"1_Operational"),"",INDEX(Operational_RawData!N:N,MATCH("1_Operational",Operational_RawData!$A:$A,0)+ROWS($2:25)-1)) -> 0.07 | O25: =IF(ROWS($2:25)>COUNTIF(Operational_RawData!$A:$A,"1_Operational"),"",INDEX(Operational_RawData!O:O,MATCH("1_Operational",Operational_RawData!$A:$A,0)+ROWS($2:25)-1)) -> 0.19 | P25: =IF(ROWS($2:25)>COUNTIF(Operational_RawData!$A:$A,"1_Operational"),"",INDEX(Operational_RawData!P:P,MATCH("1_Operational",Operational_RawData!$A:$A,0)+ROWS($2:25)-1)) -> 0.06 | Q25: =IF(ROWS($2:25)>COUNTIF(Operational_RawData!$A:$A,"1_Operational"),"",INDEX(Operational_RawData!Q:Q,MATCH("1_Operational",Operational_RawData!$A:$A,0)+ROWS($2:25)-1)) -> 0.1 | R25: =IF(ROWS($2:25)>COUNTIF(Operational_RawData!$A:$A,"1_Operational"),"",INDEX(Operational_RawData!R:R,MATCH("1_Operational",Operational_RawData!$A:$A,0)+ROWS($2:25)-1)) -> Pass | S25: =IF(ROWS($2:25)>COUNTIF(Operational_RawData!$A:$A,"1_Operational"),"",INDEX(Operational_RawData!S:S,MATCH("1_Operational",Operational_RawData!$A:$A,0)+ROWS($2:25)-1)) -> 0 | T25: =IF(ROWS($2:25)>COUNTIF(Operational_RawData!$A:$A,"1_Operational"),"",INDEX(Operational_RawData!T:T,MATCH("1_Operational",Operational_RawData!$A:$A,0)+ROWS($2:25)-1)) -> 0
A26: =IF(ROWS($2:26)>COUNTIF(Operational_RawData!$A:$A,"1_Operational"),"",INDEX(Operational_RawData!A:A,MATCH("1_Operational",Operational_RawData!$A:$A,0)+ROWS($2:26)-1)) -> 1_Operational | B26: =IF(ROWS($2:26)>COUNTIF(Operational_RawData!$A:$A,"1_Operational"),"",INDEX(Operational_RawData!B:B,MATCH("1_Operational",Operational_RawData!$A:$A,0)+ROWS($2:26)-1)) -> 144606.85 | C26: =IF(ROWS($2:26)>COUNTIF(Operational_RawData!$A:$A,"1_Operational"),"",INDEX(Operational_RawData!C:C,MATCH("1_Operational",Operational_RawData!$A:$A,0)+ROWS($2:26)-1)) -> 18.08 | D26: =IF(ROWS($2:26)>COUNTIF(Operational_RawData!$A:$A,"1_Operational"),"",INDEX(Operational_RawData!D:D,MATCH("1_Operational",Operational_RawData!$A:$A,0)+ROWS($2:26)-1)) -> 1308.637 | E26: =IF(ROWS($2:26)>COUNTIF(Operational_RawData!$A:$A,"1_Operational"),"",INDEX(Operational_RawData!E:E,MATCH("1_Operational",Operational_RawData!$A:$A,0)+ROWS($2:26)-1)) -> 3.46 | F26: =IF(ROWS($2:26)>COUNTIF(Operational_RawData!$A:$A,"1_Operational"),"",INDEX(Operational_RawData!F:F,MATCH("1_Operational",Operational_RawData!$A:$A,0)+ROWS($2:26)-1)) -> 229.76 | G26: =IF(ROWS($2:26)>COUNTIF(Operational_RawData!$A:$A,"1_Operational"),"",INDEX(Operational_RawData!G:G,MATCH("1_Operational",Operational_RawData!$A:$A,0)+ROWS($2:26)-1)) -> 229.76 | H26: =IF(ROWS($2:26)>COUNTIF(Operational_RawData!$A:$A,"1_Operational"),"",INDEX(Operational_RawData!H:H,MATCH("1_Operational",Operational_RawData!$A:$A,0)+ROWS($2:26)-1)) -> 229.76 | I26: =IF(ROWS($2:26)>COUNTIF(Operational_RawData!$A:$A,"1_Operational"),"",INDEX(Operational_RawData!I:I,MATCH("1_Operational",Operational_RawData!$A:$A,0)+ROWS($2:26)-1)) -> 229.76 | J26: =IF(ROWS($2:26)>COUNTIF(Operational_RawData!$A:$A,"1_Operational"),"",INDEX(Operational_RawData!J:J,MATCH("1_Operational",Operational_RawData!$A:$A,0)+ROWS($2:26)-1)) -> 324.76 | K26: =IF(ROWS($2:26)>COUNTIF(Operational_RawData!$A:$A,"1_Operational"),"",INDEX(Operational_RawData!K:K,MATCH("1_Operational",Operational_RawData!$A:$A,0)+ROWS($2:26)-1)) -> 324.76 | L26: =IF(ROWS($2:26)>COUNTIF(Operational_RawData!$A:$A,"1_Operational"),"",INDEX(Operational_RawData!L:L,MATCH("1_Operational",Operational_RawData!$A:$A,0)+ROWS($2:26)-1)) -> 324.76 | M26: =IF(ROWS($2:26)>COUNTIF(Operational_RawData!$A:$A,"1_Operational"),"",INDEX(Operational_RawData!M:M,MATCH("1_Operational",Operational_RawData!$A:$A,0)+ROWS($2:26)-1)) -> 324.76 | N26: =IF(ROWS($2:26)>COUNTIF(Operational_RawData!$A:$A,"1_Operational"),"",INDEX(Operational_RawData!N:N,MATCH("1_Operational",Operational_RawData!$A:$A,0)+ROWS($2:26)-1)) -> 0.08 | O26: =IF(ROWS($2:26)>COUNTIF(Operational_RawData!$A:$A,"1_Operational"),"",INDEX(Operational_RawData!O:O,MATCH("1_Operational",Operational_RawData!$A:$A,0)+ROWS($2:26)-1)) -> 0.19 | P26: =IF(ROWS($2:26)>COUNTIF(Operational_RawData!$A:$A,"1_Operational"),"",INDEX(Operational_RawData!P:P,MATCH("1_Operational",Operational_RawData!$A:$A,0)+ROWS($2:26)-1)) -> 0.06 | Q26: =IF(ROWS($2:26)>COUNTIF(Operational_RawData!$A:$A,"1_Operational"),"",INDEX(Operational_RawData!Q:Q,MATCH("1_Operational",Operational_RawData!$A:$A,0)+ROWS($2:26)-1)) -> 0.1 | R26: =IF(ROWS($2:26)>COUNTIF(Operational_RawData!$A:$A,"1_Operational"),"",INDEX(Operational_RawData!R:R,MATCH("1_Operational",Operational_RawData!$A:$A,0)+ROWS($2:26)-1)) -> Pass | S26: =IF(ROWS($2:26)>COUNTIF(Operational_RawData!$A:$A,"1_Operational"),"",INDEX(Operational_RawData!S:S,MATCH("1_Operational",Operational_RawData!$A:$A,0)+ROWS($2:26)-1)) -> 0 | T26: =IF(ROWS($2:26)>COUNTIF(Operational_RawData!$A:$A,"1_Operational"),"",INDEX(Operational_RawData!T:T,MATCH("1_Operational",Operational_RawData!$A:$A,0)+ROWS($2:26)-1)) -> 0
A27: =IF(ROWS($2:27)>COUNTIF(Operational_RawData!$A:$A,"1_Operational"),"",INDEX(Operational_RawData!A:A,MATCH("1_Operational",Operational_RawData!$A:$A,0)+ROWS($2:27)-1)) -> 1_Operational | B27: =IF(ROWS($2:27)>COUNTIF(Operational_RawData!$A:$A,"1_Operational"),"",INDEX(Operational_RawData!B:B,MATCH("1_Operational",Operational_RawData!$A:$A,0)+ROWS($2:27)-1)) -> 144611.86 | C27: =IF(ROWS($2:27)>COUNTIF(Operational_RawData!$A:$A,"1_Operational"),"",INDEX(Operational_RawData!C:C,MATCH("1_Operational",Operational_RawData!$A:$A,0)+ROWS($2:27)-1)) -> 18.84 | D27: =IF(ROWS($2:27)>COUNTIF(Operational_RawData!$A:$A,"1_Operational"),"",INDEX(Operational_RawData!D:D,MATCH("1_Operational",Operational_RawData!$A:$A,0)+ROWS($2:27)-1)) -> 1308.704 | E27: =IF(ROWS($2:27)>COUNTIF(Operational_RawData!$A:$A,"1_Operational"),"",INDEX(Operational_RawData!E:E,MATCH("1_Operational",Operational_RawData!$A:$A,0)+ROWS($2:27)-1)) -> 3.45 | F27: =IF(ROWS($2:27)>COUNTIF(Operational_RawData!$A:$A,"1_Operational"),"",INDEX(Operational_RawData!F:F,MATCH("1_Operational",Operational_RawData!$A:$A,0)+ROWS($2:27)-1)) -> 228.8 | G27: =IF(ROWS($2:27)>COUNTIF(Operational_RawData!$A:$A,"1_Operational"),"",INDEX(Operational_RawData!G:G,MATCH("1_Operational",Operational_RawData!$A:$A,0)+ROWS($2:27)-1)) -> 228.8 | H27: =IF(ROWS($2:27)>COUNTIF(Operational_RawData!$A:$A,"1_Operational"),"",INDEX(Operational_RawData!H:H,MATCH("1_Operational",Operational_RawData!$A:$A,0)+ROWS($2:27)-1)) -> 228.8 | I27: =IF(ROWS($2:27)>COUNTIF(Operational_RawData!$A:$A,"1_Operational"),"",INDEX(Operational_RawData!I:I,MATCH("1_Operational",Operational_RawData!$A:$A,0)+ROWS($2:27)-1)) -> 228.8 | J27: =IF(ROWS($2:27)>COUNTIF(Operational_RawData!$A:$A,"1_Operational"),"",INDEX(Operational_RawData!J:J,MATCH("1_Operational",Operational_RawData!$A:$A,0)+ROWS($2:27)-1)) -> 323.88 | K27: =IF(ROWS($2:27)>COUNTIF(Operational_RawData!$A:$A,"1_Operational"),"",INDEX(Operational_RawData!K:K,MATCH("1_Operational",Operational_RawData!$A:$A,0)+ROWS($2:27)-1)) -> 323.88 | L27: =IF(ROWS($2:27)>COUNTIF(Operational_RawData!$A:$A,"1_Operational"),"",INDEX(Operational_RawData!L:L,MATCH("1_Operational",Operational_RawData!$A:$A,0)+ROWS($2:27)-1)) -> 323.88 | M27: =IF(ROWS($2:27)>COUNTIF(Operational_RawData!$A:$A,"1_Operational"),"",INDEX(Operational_RawData!M:M,MATCH("1_Operational",Operational_RawData!$A:$A,0)+ROWS($2:27)-1)) -> 323.88 | N27: =IF(ROWS($2:27)>COUNTIF(Operational_RawData!$A:$A,"1_Operational"),"",INDEX(Operational_RawData!N:N,MATCH("1_Operational",Operational_RawData!$A:$A,0)+ROWS($2:27)-1)) -> 0.09 | O27: =IF(ROWS($2:27)>COUNTIF(Operational_RawData!$A:$A,"1_Operational"),"",INDEX(Operational_RawData!O:O,MATCH("1_Operational",Operational_RawData!$A:$A,0)+ROWS($2:27)-1)) -> 0.19 | P27: =IF(ROWS($2:27)>COUNTIF(Operational_RawData!$A:$A,"1_Operational"),"",INDEX(Operational_RawData!P:P,MATCH("1_Operational",Operational_RawData!$A:$A,0)+ROWS($2:27)-1)) -> 0.06 | Q27: =IF(ROWS($2:27)>COUNTIF(Operational_RawData!$A:$A,"1_Operational"),"",INDEX(Operational_RawData!Q:Q,MATCH("1_Operational",Operational_RawData!$A:$A,0)+ROWS($2:27)-1)) -> 0.1 | R27: =IF(ROWS($2:27)>COUNTIF(Operational_RawData!$A:$A,"1_Operational"),"",INDEX(Operational_RawData!R:R,MATCH("1_Operational",Operational_RawData!$A:$A,0)+ROWS($2:27)-1)) -> Pass | S27: =IF(ROWS($2:27)>COUNTIF(Operational_RawData!$A:$A,"1_Operational"),"",INDEX(Operational_RawData!S:S,MATCH("1_Operational",Operational_RawData!$A:$A,0)+ROWS($2:27)-1)) -> 0 | T27: =IF(ROWS($2:27)>COUNTIF(Operational_RawData!$A:$A,"1_Operational"),"",INDEX(Operational_RawData!T:T,MATCH("1_Operational",Operational_RawData!$A:$A,0)+ROWS($2:27)-1)) -> 0
A28: =IF(ROWS($2:28)>COUNTIF(Operational_RawData!$A:$A,"1_Operational"),"",INDEX(Operational_RawData!A:A,MATCH("1_Operational",Operational_RawData!$A:$A,0)+ROWS($2:28)-1)) -> 1_Operational | B28: =IF(ROWS($2:28)>COUNTIF(Operational_RawData!$A:$A,"1_Operational"),"",INDEX(Operational_RawData!B:B,MATCH("1_Operational",Operational_RawData!$A:$A,0)+ROWS($2:28)-1)) -> 144616.85 | C28: =IF(ROWS($2:28)>COUNTIF(Operational_RawData!$A:$A,"1_Operational"),"",INDEX(Operational_RawData!C:C,MATCH("1_Operational",Operational_RawData!$A:$A,0)+ROWS($2:28)-1)) -> 19.56 | D28: =IF(ROWS($2:28)>COUNTIF(Operational_RawData!$A:$A,"1_Operational"),"",INDEX(Operational_RawData!D:D,MATCH("1_Operational",Operational_RawData!$A:$A,0)+ROWS($2:28)-1)) -> 1308.76 | E28: =IF(ROWS($2:28)>COUNTIF(Operational_RawData!$A:$A,"1_Operational"),"",INDEX(Operational_RawData!E:E,MATCH("1_Operational",Operational_RawData!$A:$A,0)+ROWS($2:28)-1)) -> 3.51 | F28: =IF(ROWS($2:28)>COUNTIF(Operational_RawData!$A:$A,"1_Operational"),"",INDEX(Operational_RawData!F:F,MATCH("1_Operational",Operational_RawData!$A:$A,0)+ROWS($2:28)-1)) -> 227.8 | G28: =IF(ROWS($2:28)>COUNTIF(Operational_RawData!$A:$A,"1_Operational"),"",INDEX(Operational_RawData!G:G,MATCH("1_Operational",Operational_RawData!$A:$A,0)+ROWS($2:28)-1)) -> 227.8 | H28: =IF(ROWS($2:28)>COUNTIF(Operational_RawData!$A:$A,"1_Operational"),"",INDEX(Operational_RawData!H:H,MATCH("1_Operational",Operational_RawData!$A:$A,0)+ROWS($2:28)-1)) -> 227.8 | I28: =IF(ROWS($2:28)>COUNTIF(Operational_RawData!$A:$A,"1_Operational"),"",INDEX(Operational_RawData!I:I,MATCH("1_Operational",Operational_RawData!$A:$A,0)+ROWS($2:28)-1)) -> 227.8 | J28: =IF(ROWS($2:28)>COUNTIF(Operational_RawData!$A:$A,"1_Operational"),"",INDEX(Operational_RawData!J:J,MATCH("1_Operational",Operational_RawData!$A:$A,0)+ROWS($2:28)-1)) -> 323.12 | K28: =IF(ROWS($2:28)>COUNTIF(Operational_RawData!$A:$A,"1_Operational"),"",INDEX(Operational_RawData!K:K,MATCH("1_Operational",Operational_RawData!$A:$A,0)+ROWS($2:28)-1)) -> 323.12 | L28: =IF(ROWS($2:28)>COUNTIF(Operational_RawData!$A:$A,"1_Operational"),"",INDEX(Operational_RawData!L:L,MATCH("1_Operational",Operational_RawData!$A:$A,0)+ROWS($2:28)-1)) -> 323.12 | M28: =IF(ROWS($2:28)>COUNTIF(Operational_RawData!$A:$A,"1_Operational"),"",INDEX(Operational_RawData!M:M,MATCH("1_Operational",Operational_RawData!$A:$A,0)+ROWS($2:28)-1)) -> 323.12 | N28: =IF(ROWS($2:28)>COUNTIF(Operational_RawData!$A:$A,"1_Operational"),"",INDEX(Operational_RawData!N:N,MATCH("1_Operational",Operational_RawData!$A:$A,0)+ROWS($2:28)-1)) -> 0.08 | O28: =IF(ROWS($2:28)>COUNTIF(Operational_RawData!$A:$A,"1_Operational"),"",INDEX(Operational_RawData!O:O,MATCH("1_Operational",Operational_RawData!$A:$A,0)+ROWS($2:28)-1)) -> 0.19 | P28: =IF(ROWS($2:28)>COUNTIF(Operational_RawData!$A:$A,"1_Operational"),"",INDEX(Operational_RawData!P:P,MATCH("1_Operational",Operational_RawData!$A:$A,0)+ROWS($2:28)-1)) -> 0.06 | Q28: =IF(ROWS($2:28)>COUNTIF(Operational_RawData!$A:$A,"1_Operational"),"",INDEX(Operational_RawData!Q:Q,MATCH("1_Operational",Operational_RawData!$A:$A,0)+ROWS($2:28)-1)) -> 0.1 | R28: =IF(ROWS($2:28)>COUNTIF(Operational_RawData!$A:$A,"1_Operational"),"",INDEX(Operational_RawData!R:R,MATCH("1_Operational",Operational_RawData!$A:$A,0)+ROWS($2:28)-1)) -> Pass | S28: =IF(ROWS($2:28)>COUNTIF(Operational_RawData!$A:$A,"1_Operational"),"",INDEX(Operational_RawData!S:S,MATCH("1_Operational",Operational_RawData!$A:$A,0)+ROWS($2:28)-1)) -> 0 | T28: =IF(ROWS($2:28)>COUNTIF(Operational_RawData!$A:$A,"1_Operational"),"",INDEX(Operational_RawData!T:T,MATCH("1_Operational",Operational_RawData!$A:$A,0)+ROWS($2:28)-1)) -> 0
A29: =IF(ROWS($2:29)>COUNTIF(Operational_RawData!$A:$A,"1_Operational"),"",INDEX(Operational_RawData!A:A,MATCH("1_Operational",Operational_RawData!$A:$A,0)+ROWS($2:29)-1)) -> 1_Operational | B29: =IF(ROWS($2:29)>COUNTIF(Operational_RawData!$A:$A,"1_Operational"),"",INDEX(Operational_RawData!B:B,MATCH("1_Operational",Operational_RawData!$A:$A,0)+ROWS($2:29)-1)) -> 144621.86 | C29: =IF(ROWS($2:29)>COUNTIF(Operational_RawData!$A:$A,"1_Operational"),"",INDEX(Operational_RawData!C:C,MATCH("1_Operational",Operational_RawData!$A:$A,0)+ROWS($2:29)-1)) -> 20.32 | D29: =IF(ROWS($2:29)>COUNTIF(Operational_RawData!$A:$A,"1_Operational"),"",INDEX(Operational_RawData!D:D,MATCH("1_Operational",Operational_RawData!$A:$A,0)+ROWS($2:29)-1)) -> 1308.823 | E29: =IF(ROWS($2:29)>COUNTIF(Operational_RawData!$A:$A,"1_Operational"),"",INDEX(Operational_RawData!E:E,MATCH("1_Operational",Operational_RawData!$A:$A,0)+ROWS($2:29)-1)) -> 3.54 | F29: =IF(ROWS($2:29)>COUNTIF(Operational_RawData!$A:$A,"1_Operational"),"",INDEX(Operational_RawData!F:F,MATCH("1_Operational",Operational_RawData!$A:$A,0)+ROWS($2:29)-1)) -> 227 | G29: =IF(ROWS($2:29)>COUNTIF(Operational_RawData!$A:$A,"1_Operational"),"",INDEX(Operational_RawData!G:G,MATCH("1_Operational",Operational_RawData!$A:$A,0)+ROWS($2:29)-1)) -> 227 | H29: =IF(ROWS($2:29)>COUNTIF(Operational_RawData!$A:$A,"1_Operational"),"",INDEX(Operational_RawData!H:H,MATCH("1_Operational",Operational_RawData!$A:$A,0)+ROWS($2:29)-1)) -> 227 | I29: =IF(ROWS($2:29)>COUNTIF(Operational_RawData!$A:$A,"1_Operational"),"",INDEX(Operational_RawData!I:I,MATCH("1_Operational",Operational_RawData!$A:$A,0)+ROWS($2:29)-1)) -> 227 | J29: =IF(ROWS($2:29)>COUNTIF(Operational_RawData!$A:$A,"1_Operational"),"",INDEX(Operational_RawData!J:J,MATCH("1_Operational",Operational_RawData!$A:$A,0)+ROWS($2:29)-1)) -> 322.32 | K29: =IF(ROWS($2:29)>COUNTIF(Operational_RawData!$A:$A,"1_Operational"),"",INDEX(Operational_RawData!K:K,MATCH("1_Operational",Operational_RawData!$A:$A,0)+ROWS($2:29)-1)) -> 322.32 | L29: =IF(ROWS($2:29)>COUNTIF(Operational_RawData!$A:$A,"1_Operational"),"",INDEX(Operational_RawData!L:L,MATCH("1_Operational",Operational_RawData!$A:$A,0)+ROWS($2:29)-1)) -> 322.32 | M29: =IF(ROWS($2:29)>COUNTIF(Operational_RawData!$A:$A,"1_Operational"),"",INDEX(Operational_RawData!M:M,MATCH("1_Operational",Operational_RawData!$A:$A,0)+ROWS($2:29)-1)) -> 322.32 | N29: =IF(ROWS($2:29)>COUNTIF(Operational_RawData!$A:$A,"1_Operational"),"",INDEX(Operational_RawData!N:N,MATCH("1_Operational",Operational_RawData!$A:$A,0)+ROWS($2:29)-1)) -> 0.08 | O29: =IF(ROWS($2:29)>COUNTIF(Operational_RawData!$A:$A,"1_Operational"),"",INDEX(Operational_RawData!O:O,MATCH("1_Operational",Operational_RawData!$A:$A,0)+ROWS($2:29)-1)) -> 0.19 | P29: =IF(ROWS($2:29)>COUNTIF(Operational_RawData!$A:$A,"1_Operational"),"",INDEX(Operational_RawData!P:P,MATCH("1_Operational",Operational_RawData!$A:$A,0)+ROWS($2:29)-1)) -> 0.06 | Q29: =IF(ROWS($2:29)>COUNTIF(Operational_RawData!$A:$A,"1_Operational"),"",INDEX(Operational_RawData!Q:Q,MATCH("1_Operational",Operational_RawData!$A:$A,0)+ROWS($2:29)-1)) -> 0.1 | R29: =IF(ROWS($2:29)>COUNTIF(Operational_RawData!$A:$A,"1_Operational"),"",INDEX(Operational_RawData!R:R,MATCH("1_Operational",Operational_RawData!$A:$A,0)+ROWS($2:29)-1)) -> Pass | S29: =IF(ROWS($2:29)>COUNTIF(Operational_RawData!$A:$A,"1_Operational"),"",INDEX(Operational_RawData!S:S,MATCH("1_Operational",Operational_RawData!$A:$A,0)+ROWS($2:29)-1)) -> 0 | T29: =IF(ROWS($2:29)>COUNTIF(Operational_RawData!$A:$A,"1_Operational"),"",INDEX(Operational_RawData!T:T,MATCH("1_Operational",Operational_RawData!$A:$A,0)+ROWS($2:29)-1)) -> 0
A30: =IF(ROWS($2:30)>COUNTIF(Operational_RawData!$A:$A,"1_Operational"),"",INDEX(Operational_RawData!A:A,MATCH("1_Operational",Operational_RawData!$A:$A,0)+ROWS($2:30)-1)) -> 1_Operational | B30: =IF(ROWS($2:30)>COUNTIF(Operational_RawData!$A:$A,"1_Operational"),"",INDEX(Operational_RawData!B:B,MATCH("1_Operational",Operational_RawData!$A:$A,0)+ROWS($2:30)-1)) -> 144626.86 | C30: =IF(ROWS($2:30)>COUNTIF(Operational_RawData!$A:$A,"1_Operational"),"",INDEX(Operational_RawData!C:C,MATCH("1_Operational",Operational_RawData!$A:$A,0)+ROWS($2:30)-1)) -> 21.09 | D30: =IF(ROWS($2:30)>COUNTIF(Operational_RawData!$A:$A,"1_Operational"),"",INDEX(Operational_RawData!D:D,MATCH("1_Operational",Operational_RawData!$A:$A,0)+ROWS($2:30)-1)) -> 1308.893 | E30: =IF(ROWS($2:30)>COUNTIF(Operational_RawData!$A:$A,"1_Operational"),"",INDEX(Operational_RawData!E:E,MATCH("1_Operational",Operational_RawData!$A:$A,0)+ROWS($2:30)-1)) -> 3.53 | F30: =IF(ROWS($2:30)>COUNTIF(Operational_RawData!$A:$A,"1_Operational"),"",INDEX(Operational_RawData!F:F,MATCH("1_Operational",Operational_RawData!$A:$A,0)+ROWS($2:30)-1)) -> 226.16 | G30: =IF(ROWS($2:30)>COUNTIF(Operational_RawData!$A:$A,"1_Operational"),"",INDEX(Operational_RawData!G:G,MATCH("1_Operational",Operational_RawData!$A:$A,0)+ROWS($2:30)-1)) -> 226.16 | H30: =IF(ROWS($2:30)>COUNTIF(Operational_RawData!$A:$A,"1_Operational"),"",INDEX(Operational_RawData!H:H,MATCH("1_Operational",Operational_RawData!$A:$A,0)+ROWS($2:30)-1)) -> 226.16 | I30: =IF(ROWS($2:30)>COUNTIF(Operational_RawData!$A:$A,"1_Operational"),"",INDEX(Operational_RawData!I:I,MATCH("1_Operational",Operational_RawData!$A:$A,0)+ROWS($2:30)-1)) -> 226.16 | J30: =IF(ROWS($2:30)>COUNTIF(Operational_RawData!$A:$A,"1_Operational"),"",INDEX(Operational_RawData!J:J,MATCH("1_Operational",Operational_RawData!$A:$A,0)+ROWS($2:30)-1)) -> 321.8 | K30: =IF(ROWS($2:30)>COUNTIF(Operational_RawData!$A:$A,"1_Operational"),"",INDEX(Operational_RawData!K:K,MATCH("1_Operational",Operational_RawData!$A:$A,0)+ROWS($2:30)-1)) -> 321.8 | L30: =IF(ROWS($2:30)>COUNTIF(Operational_RawData!$A:$A,"1_Operational"),"",INDEX(Operational_RawData!L:L,MATCH("1_Operational",Operational_RawData!$A:$A,0)+ROWS($2:30)-1)) -> 321.8 | M30: =IF(ROWS($2:30)>COUNTIF(Operational_RawData!$A:$A,"1_Operational"),"",INDEX(Operational_RawData!M:M,MATCH("1_Operational",Operational_RawData!$A:$A,0)+ROWS($2:30)-1)) -> 321.8 | N30: =IF(ROWS($2:30)>COUNTIF(Operational_RawData!$A:$A,"1_Operational"),"",INDEX(Operational_RawData!N:N,MATCH("1_Operational",Operational_RawData!$A:$A,0)+ROWS($2:30)-1)) -> 0.09 | O30: =IF(ROWS($2:30)>COUNTIF(Operational_RawData!$A:$A,"1_Operational"),"",INDEX(Operational_RawData!O:O,MATCH("1_Operational",Operational_RawData!$A:$A,0)+ROWS($2:30)-1)) -> 0.19 | P30: =IF(ROWS($2:30)>COUNTIF(Operational_RawData!$A:$A,"1_Operational"),"",INDEX(Operational_RawData!P:P,MATCH("1_Operational",Operational_RawData!$A:$A,0)+ROWS($2:30)-1)) -> 0.06 | Q30: =IF(ROWS($2:30)>COUNTIF(Operational_RawData!$A:$A,"1_Operational"),"",INDEX(Operational_RawData!Q:Q,MATCH("1_Operational",Operational_RawData!$A:$A,0)+ROWS($2:30)-1)) -> 0.1 | R30: =IF(ROWS($2:30)>COUNTIF(Operational_RawData!$A:$A,"1_Operational"),"",INDEX(Operational_RawData!R:R,MATCH("1_Operational",Operational_RawData!$A:$A,0)+ROWS($2:30)-1)) -> Pass | S30: =IF(ROWS($2:30)>COUNTIF(Operational_RawData!$A:$A,"1_Operational"),"",INDEX(Operational_RawData!S:S,MATCH("1_Operational",Operational_RawData!$A:$A,0)+ROWS($2:30)-1)) -> 0 | T30: =IF(ROWS($2:30)>COUNTIF(Operational_RawData!$A:$A,"1_Operational"),"",INDEX(Operational_RawData!T:T,MATCH("1_Operational",Operational_RawData!$A:$A,0)+ROWS($2:30)-1)) -> 0
A31: =IF(ROWS($2:31)>COUNTIF(Operational_RawData!$A:$A,"1_Operational"),"",INDEX(Operational_RawData!A:A,MATCH("1_Operational",Operational_RawData!$A:$A,0)+ROWS($2:31)-1)) -> 1_Operational | B31: =IF(ROWS($2:31)>COUNTIF(Operational_RawData!$A:$A,"1_Operational"),"",INDEX(Operational_RawData!B:B,MATCH("1_Operational",Operational_RawData!$A:$A,0)+ROWS($2:31)-1)) -> 144631.86 | C31: =IF(ROWS($2:31)>COUNTIF(Operational_RawData!$A:$A,"1_Operational"),"",INDEX(Operational_RawData!C:C,MATCH("1_Operational",Operational_RawData!$A:$A,0)+ROWS($2:31)-1)) -> 21.83 | D31: =IF(ROWS($2:31)>COUNTIF(Operational_RawData!$A:$A,"1_Operational"),"",INDEX(Operational_RawData!D:D,MATCH("1_Operational",Operational_RawData!$A:$A,0)+ROWS($2:31)-1)) -> 1308.95 | E31: =IF(ROWS($2:31)>COUNTIF(Operational_RawData!$A:$A,"1_Operational"),"",INDEX(Operational_RawData!E:E,MATCH("1_Operational",Operational_RawData!$A:$A,0)+ROWS($2:31)-1)) -> 3.48 | F31: =IF(ROWS($2:31)>COUNTIF(Operational_RawData!$A:$A,"1_Operational"),"",INDEX(Operational_RawData!F:F,MATCH("1_Operational",Operational_RawData!$A:$A,0)+ROWS($2:31)-1)) -> 225.48 | G31: =IF(ROWS($2:31)>COUNTIF(Operational_RawData!$A:$A,"1_Operational"),"",INDEX(Operational_RawData!G:G,MATCH("1_Operational",Operational_RawData!$A:$A,0)+ROWS($2:31)-1)) -> 225.48 | H31: =IF(ROWS($2:31)>COUNTIF(Operational_RawData!$A:$A,"1_Operational"),"",INDEX(Operational_RawData!H:H,MATCH("1_Operational",Operational_RawData!$A:$A,0)+ROWS($2:31)-1)) -> 225.48 | I31: =IF(ROWS($2:31)>COUNTIF(Operational_RawData!$A:$A,"1_Operational"),"",INDEX(Operational_RawData!I:I,MATCH("1_Operational",Operational_RawData!$A:$A,0)+ROWS($2:31)-1)) -> 225.48 | J31: =IF(ROWS($2:31)>COUNTIF(Operational_RawData!$A:$A,"1_Operational"),"",INDEX(Operational_RawData!J:J,MATCH("1_Operational",Operational_RawData!$A:$A,0)+ROWS($2:31)-1)) -> 321.32 | K31: =IF(ROWS($2:31)>COUNTIF(Operational_RawData!$A:$A,"1_Operational"),"",INDEX(Operational_RawData!K:K,MATCH("1_Operational",Operational_RawData!$A:$A,0)+ROWS($2:31)-1)) -> 321.32 | L31: =IF(ROWS($2:31)>COUNTIF(Operational_RawData!$A:$A,"1_Operational"),"",INDEX(Operational_RawData!L:L,MATCH("1_Operational",Operational_RawData!$A:$A,0)+ROWS($2:31)-1)) -> 321.32 | M31: =IF(ROWS($2:31)>COUNTIF(Operational_RawData!$A:$A,"1_Operational"),"",INDEX(Operational_RawData!M:M,MATCH("1_Operational",Operational_RawData!$A:$A,0)+ROWS($2:31)-1)) -> 321.32 | N31: =IF(ROWS($2:31)>COUNTIF(Operational_RawData!$A:$A,"1_Operational"),"",INDEX(Operational_RawData!N:N,MATCH("1_Operational",Operational_RawData!$A:$A,0)+ROWS($2:31)-1)) -> 0.08 | O31: =IF(ROWS($2:31)>COUNTIF(Operational_RawData!$A:$A,"1_Operational"),"",INDEX(Operational_RawData!O:O,MATCH("1_Operational",Operational_RawData!$A:$A,0)+ROWS($2:31)-1)) -> 0.19 | P31: =IF(ROWS($2:31)>COUNTIF(Operational_RawData!$A:$A,"1_Operational"),"",INDEX(Operational_RawData!P:P,MATCH("1_Operational",Operational_RawData!$A:$A,0)+ROWS($2:31)-1)) -> 0.06 | Q31: =IF(ROWS($2:31)>COUNTIF(Operational_RawData!$A:$A,"1_Operational"),"",INDEX(Operational_RawData!Q:Q,MATCH("1_Operational",Operational_RawData!$A:$A,0)+ROWS($2:31)-1)) -> 0.1 | R31: =IF(ROWS($2:31)>COUNTIF(Operational_RawData!$A:$A,"1_Operational"),"",INDEX(Operational_RawData!R:R,MATCH("1_Operational",Operational_RawData!$A:$A,0)+ROWS($2:31)-1)) -> Pass | S31: =IF(ROWS($2:31)>COUNTIF(Operational_RawData!$A:$A,"1_Operational"),"",INDEX(Operational_RawData!S:S,MATCH("1_Operational",Operational_RawData!$A:$A,0)+ROWS($2:31)-1)) -> 0 | T31: =IF(ROWS($2:31)>COUNTIF(Operational_RawData!$A:$A,"1_Operational"),"",INDEX(Operational_RawData!T:T,MATCH("1_Operational",Operational_RawData!$A:$A,0)+ROWS($2:31)-1)) -> 0
A32: =IF(ROWS($2:32)>COUNTIF(Operational_RawData!$A:$A,"1_Operational"),"",INDEX(Operational_RawData!A:A,MATCH("1_Operational",Operational_RawData!$A:$A,0)+ROWS($2:32)-1)) -> 1_Operational | B32: =IF(ROWS($2:32)>COUNTIF(Operational_RawData!$A:$A,"1_Operational"),"",INDEX(Operational_RawData!B:B,MATCH("1_Operational",Operational_RawData!$A:$A,0)+ROWS($2:32)-1)) -> 144636.86 | C32: =IF(ROWS($2:32)>COUNTIF(Operational_RawData!$A:$A,"1_Operational"),"",INDEX(Operational_RawData!C:C,MATCH("1_Operational",Operational_RawData!$A:$A,0)+ROWS($2:32)-1)) -> 22.58 | D32: =IF(ROWS($2:32)>COUNTIF(Operational_RawData!$A:$A,"1_Operational"),"",INDEX(Operational_RawData!D:D,MATCH("1_Operational",Operational_RawData!$A:$A,0)+ROWS($2:32)-1)) -> 1309.021 | E32: =IF(ROWS($2:32)>COUNTIF(Operational_RawData!$A:$A,"1_Operational"),"",INDEX(Operational_RawData!E:E,MATCH("1_Operational",Operational_RawData!$A:$A,0)+ROWS($2:32)-1)) -> 3.57 | F32: =IF(ROWS($2:32)>COUNTIF(Operational_RawData!$A:$A,"1_Operational"),"",INDEX(Operational_RawData!F:F,MATCH("1_Operational",Operational_RawData!$A:$A,0)+ROWS($2:32)-1)) -> 224.8 | G32: =IF(ROWS($2:32)>COUNTIF(Operational_RawData!$A:$A,"1_Operational"),"",INDEX(Operational_RawData!G:G,MATCH("1_Operational",Operational_RawData!$A:$A,0)+ROWS($2:32)-1)) -> 224.8 | H32: =IF(ROWS($2:32)>COUNTIF(Operational_RawData!$A:$A,"1_Operational"),"",INDEX(Operational_RawData!H:H,MATCH("1_Operational",Operational_RawData!$A:$A,0)+ROWS($2:32)-1)) -> 224.8 | I32: =IF(ROWS($2:32)>COUNTIF(Operational_RawData!$A:$A,"1_Operational"),"",INDEX(Operational_RawData!I:I,MATCH("1_Operational",Operational_RawData!$A:$A,0)+ROWS($2:32)-1)) -> 224.8 | J32: =IF(ROWS($2:32)>COUNTIF(Operational_RawData!$A:$A,"1_Operational"),"",INDEX(Operational_RawData!J:J,MATCH("1_Operational",Operational_RawData!$A:$A,0)+ROWS($2:32)-1)) -> 320.96 | K32: =IF(ROWS($2:32)>COUNTIF(Operational_RawData!$A:$A,"1_Operational"),"",INDEX(Operational_RawData!K:K,MATCH("1_Operational",Operational_RawData!$A:$A,0)+ROWS($2:32)-1)) -> 320.96 | L32: =IF(ROWS($2:32)>COUNTIF(Operational_RawData!$A:$A,"1_Operational"),"",INDEX(Operational_RawData!L:L,MATCH("1_Operational",Operational_RawData!$A:$A,0)+ROWS($2:32)-1)) -> 320.96 | M32: =IF(ROWS($2:32)>COUNTIF(Operational_RawData!$A:$A,"1_Operational"),"",INDEX(Operational_RawData!M:M,MATCH("1_Operational",Operational_RawData!$A:$A,0)+ROWS($2:32)-1)) -> 320.96 | N32: =IF(ROWS($2:32)>COUNTIF(Operational_RawData!$A:$A,"1_Operational"),"",INDEX(Operational_RawData!N:N,MATCH("1_Operational",Operational_RawData!$A:$A,0)+ROWS($2:32)-1)) -> 0.09 | O32: =IF(ROWS($2:32)>COUNTIF(Operational_RawData!$A:$A,"1_Operational"),"",INDEX(Operational_RawData!O:O,MATCH("1_Operational",Operational_RawData!$A:$A,0)+ROWS($2:32)-1)) -> 0.19 | P32: =IF(ROWS($2:32)>COUNTIF(Operational_RawData!$A:$A,"1_Operational"),"",INDEX(Operational_RawData!P:P,MATCH("1_Operational",Operational_RawData!$A:$A,0)+ROWS($2:32)-1)) -> 0.06 | Q32: =IF(ROWS($2:32)>COUNTIF(Operational_RawData!$A:$A,"1_Operational"),"",INDEX(Operational_RawData!Q:Q,MATCH("1_Operational",Operational_RawData!$A:$A,0)+ROWS($2:32)-1)) -> 0.1 | R32: =IF(ROWS($2:32)>COUNTIF(Operational_RawData!$A:$A,"1_Operational"),"",INDEX(Operational_RawData!R:R,MATCH("1_Operational",Operational_RawData!$A:$A,0)+ROWS($2:32)-1)) -> Pass | S32: =IF(ROWS($2:32)>COUNTIF(Operational_RawData!$A:$A,"1_Operational"),"",INDEX(Operational_RawData!S:S,MATCH("1_Operational",Operational_RawData!$A:$A,0)+ROWS($2:32)-1)) -> 0 | T32: =IF(ROWS($2:32)>COUNTIF(Operational_RawData!$A:$A,"1_Operational"),"",INDEX(Operational_RawData!T:T,MATCH("1_Operational",Operational_RawData!$A:$A,0)+ROWS($2:32)-1)) -> 0
A33: =IF(ROWS($2:33)>COUNTIF(Operational_RawData!$A:$A,"1_Operational"),"",INDEX(Operational_RawData!A:A,MATCH("1_Operational",Operational_RawData!$A:$A,0)+ROWS($2:33)-1)) -> 1_Operational | B33: =IF(ROWS($2:33)>COUNTIF(Operational_RawData!$A:$A,"1_Operational"),"",INDEX(Operational_RawData!B:B,MATCH("1_Operational",Operational_RawData!$A:$A,0)+ROWS($2:33)-1)) -> 144641.86 | C33: =IF(ROWS($2:33)>COUNTIF(Operational_RawData!$A:$A,"1_Operational"),"",INDEX(Operational_RawData!C:C,MATCH("1_Operational",Operational_RawData!$A:$A,0)+ROWS($2:33)-1)) -> 23.31 | D33: =IF(ROWS($2:33)>COUNTIF(Operational_RawData!$A:$A,"1_Operational"),"",INDEX(Operational_RawData!D:D,MATCH("1_Operational",Operational_RawData!$A:$A,0)+ROWS($2:33)-1)) -> 1309.086 | E33: =IF(ROWS($2:33)>COUNTIF(Operational_RawData!$A:$A,"1_Operational"),"",INDEX(Operational_RawData!E:E,MATCH("1_Operational",Operational_RawData!$A:$A,0)+ROWS($2:33)-1)) -> 3.52 | F33: =IF(ROWS($2:33)>COUNTIF(Operational_RawData!$A:$A,"1_Operational"),"",INDEX(Operational_RawData!F:F,MATCH("1_Operational",Operational_RawData!$A:$A,0)+ROWS($2:33)-1)) -> 224.2 | G33: =IF(ROWS($2:33)>COUNTIF(Operational_RawData!$A:$A,"1_Operational"),"",INDEX(Operational_RawData!G:G,MATCH("1_Operational",Operational_RawData!$A:$A,0)+ROWS($2:33)-1)) -> 224.2 | H33: =IF(ROWS($2:33)>COUNTIF(Operational_RawData!$A:$A,"1_Operational"),"",INDEX(Operational_RawData!H:H,MATCH("1_Operational",Operational_RawData!$A:$A,0)+ROWS($2:33)-1)) -> 224.2 | I33: =IF(ROWS($2:33)>COUNTIF(Operational_RawData!$A:$A,"1_Operational"),"",INDEX(Operational_RawData!I:I,MATCH("1_Operational",Operational_RawData!$A:$A,0)+ROWS($2:33)-1)) -> 224.2 | J33: =IF(ROWS($2:33)>COUNTIF(Operational_RawData!$A:$A,"1_Operational"),"",INDEX(Operational_RawData!J:J,MATCH("1_Operational",Operational_RawData!$A:$A,0)+ROWS($2:33)-1)) -> 320.64 | K33: =IF(ROWS($2:33)>COUNTIF(Operational_RawData!$A:$A,"1_Operational"),"",INDEX(Operational_RawData!K:K,MATCH("1_Operational",Operational_RawData!$A:$A,0)+ROWS($2:33)-1)) -> 320.64 | L33: =IF(ROWS($2:33)>COUNTIF(Operational_RawData!$A:$A,"1_Operational"),"",INDEX(Operational_RawData!L:L,MATCH("1_Operational",Operational_RawData!$A:$A,0)+ROWS($2:33)-1)) -> 320.64 | M33: =IF(ROWS($2:33)>COUNTIF(Operational_RawData!$A:$A,"1_Operational"),"",INDEX(Operational_RawData!M:M,MATCH("1_Operational",Operational_RawData!$A:$A,0)+ROWS($2:33)-1)) -> 320.64 | N33: =IF(ROWS($2:33)>COUNTIF(Operational_RawData!$A:$A,"1_Operational"),"",INDEX(Operational_RawData!N:N,MATCH("1_Operational",Operational_RawData!$A:$A,0)+ROWS($2:33)-1)) -> 0.09 | O33: =IF(ROWS($2:33)>COUNTIF(Operational_RawData!$A:$A,"1_Operational"),"",INDEX(Operational_RawData!O:O,MATCH("1_Operational",Operational_RawData!$A:$A,0)+ROWS($2:33)-1)) -> 0.19 | P33: =IF(ROWS($2:33)>COUNTIF(Operational_RawData!$A:$A,"1_Operational"),"",INDEX(Operational_RawData!P:P,MATCH("1_Operational",Operational_RawData!$A:$A,0)+ROWS($2:33)-1)) -> 0.06 | Q33: =IF(ROWS($2:33)>COUNTIF(Operational_RawData!$A:$A,"1_Operational"),"",INDEX(Operational_RawData!Q:Q,MATCH("1_Operational",Operational_RawData!$A:$A,0)+ROWS($2:33)-1)) -> 0.1 | R33: =IF(ROWS($2:33)>COUNTIF(Operational_RawData!$A:$A,"1_Operational"),"",INDEX(Operational_RawData!R:R,MATCH("1_Operational",Operational_RawData!$A:$A,0)+ROWS($2:33)-1)) -> Pass | S33: =IF(ROWS($2:33)>COUNTIF(Operational_RawData!$A:$A,"1_Operational"),"",INDEX(Operational_RawData!S:S,MATCH("1_Operational",Operational_RawData!$A:$A,0)+ROWS($2:33)-1)) -> 0 | T33: =IF(ROWS($2:33)>COUNTIF(Operational_RawData!$A:$A,"1_Operational"),"",INDEX(Operational_RawData!T:T,MATCH("1_Operational",Operational_RawData!$A:$A,0)+ROWS($2:33)-1)) -> 0
A34: =IF(ROWS($2:34)>COUNTIF(Operational_RawData!$A:$A,"1_Operational"),"",INDEX(Operational_RawData!A:A,MATCH("1_Operational",Operational_RawData!$A:$A,0)+ROWS($2:34)-1)) -> 1_Operational | B34: =IF(ROWS($2:34)>COUNTIF(Operational_RawData!$A:$A,"1_Operational"),"",INDEX(Operational_RawData!B:B,MATCH("1_Operational",Operational_RawData!$A:$A,0)+ROWS($2:34)-1)) -> 144646.87 | C34: =IF(ROWS($2:34)>COUNTIF(Operational_RawData!$A:$A,"1_Operational"),"",INDEX(Operational_RawData!C:C,MATCH("1_Operational",Operational_RawData!$A:$A,0)+ROWS($2:34)-1)) -> 24.04 | D34: =IF(ROWS($2:34)>COUNTIF(Operational_RawData!$A:$A,"1_Operational"),"",INDEX(Operational_RawData!D:D,MATCH("1_Operational",Operational_RawData!$A:$A,0)+ROWS($2:34)-1)) -> 1309.152 | E34: =IF(ROWS($2:34)>COUNTIF(Operational_RawData!$A:$A,"1_Operational"),"",INDEX(Operational_RawData!E:E,MATCH("1_Operational",Operational_RawData!$A:$A,0)+ROWS($2:34)-1)) -> 3.48 | F34: =IF(ROWS($2:34)>COUNTIF(Operational_RawData!$A:$A,"1_Operational"),"",INDEX(Operational_RawData!F:F,MATCH("1_Operational",Operational_RawData!$A:$A,0)+ROWS($2:34)-1)) -> 223.64 | G34: =IF(ROWS($2:34)>COUNTIF(Operational_RawData!$A:$A,"1_Operational"),"",INDEX(Operational_RawData!G:G,MATCH("1_Operational",Operational_RawData!$A:$A,0)+ROWS($2:34)-1)) -> 223.64 | H34: =IF(ROWS($2:34)>COUNTIF(Operational_RawData!$A:$A,"1_Operational"),"",INDEX(Operational_RawData!H:H,MATCH("1_Operational",Operational_RawData!$A:$A,0)+ROWS($2:34)-1)) -> 223.64 | I34: =IF(ROWS($2:34)>COUNTIF(Operational_RawData!$A:$A,"1_Operational"),"",INDEX(Operational_RawData!I:I,MATCH("1_Operational",Operational_RawData!$A:$A,0)+ROWS($2:34)-1)) -> 223.64 | J34: =IF(ROWS($2:34)>COUNTIF(Operational_RawData!$A:$A,"1_Operational"),"",INDEX(Operational_RawData!J:J,MATCH("1_Operational",Operational_RawData!$A:$A,0)+ROWS($2:34)-1)) -> 320.48 | K34: =IF(ROWS($2:34)>COUNTIF(Operational_RawData!$A:$A,"1_Operational"),"",INDEX(Operational_RawData!K:K,MATCH("1_Operational",Operational_RawData!$A:$A,0)+ROWS($2:34)-1)) -> 320.48 | L34: =IF(ROWS($2:34)>COUNTIF(Operational_RawData!$A:$A,"1_Operational"),"",INDEX(Operational_RawData!L:L,MATCH("1_Operational",Operational_RawData!$A:$A,0)+ROWS($2:34)-1)) -> 320.48 | M34: =IF(ROWS($2:34)>COUNTIF(Operational_RawData!$A:$A,"1_Operational"),"",INDEX(Operational_RawData!M:M,MATCH("1_Operational",Operational_RawData!$A:$A,0)+ROWS($2:34)-1)) -> 320.48 | N34: =IF(ROWS($2:34)>COUNTIF(Operational_RawData!$A:$A,"1_Operational"),"",INDEX(Operational_RawData!N:N,MATCH("1_Operational",Operational_RawData!$A:$A,0)+ROWS($2:34)-1)) -> 0.09 | O34: =IF(ROWS($2:34)>COUNTIF(Operational_RawData!$A:$A,"1_Operational"),"",INDEX(Operational_RawData!O:O,MATCH("1_Operational",Operational_RawData!$A:$A,0)+ROWS($2:34)-1)) -> 0.19 | P34: =IF(ROWS($2:34)>COUNTIF(Operational_RawData!$A:$A,"1_Operational"),"",INDEX(Operational_RawData!P:P,MATCH("1_Operational",Operational_RawData!$A:$A,0)+ROWS($2:34)-1)) -> 0.06 | Q34: =IF(ROWS($2:34)>COUNTIF(Operational_RawData!$A:$A,"1_Operational"),"",INDEX(Operational_RawData!Q:Q,MATCH("1_Operational",Operational_RawData!$A:$A,0)+ROWS($2:34)-1)) -> 0.1 | R34: =IF(ROWS($2:34)>COUNTIF(Operational_RawData!$A:$A,"1_Operational"),"",INDEX(Operational_RawData!R:R,MATCH("1_Operational",Operational_RawData!$A:$A,0)+ROWS($2:34)-1)) -> Pass | S34: =IF(ROWS($2:34)>COUNTIF(Operational_RawData!$A:$A,"1_Operational"),"",INDEX(Operational_RawData!S:S,MATCH("1_Operational",Operational_RawData!$A:$A,0)+ROWS($2:34)-1)) -> 0 | T34: =IF(ROWS($2:34)>COUNTIF(Operational_RawData!$A:$A,"1_Operational"),"",INDEX(Operational_RawData!T:T,MATCH("1_Operational",Operational_RawData!$A:$A,0)+ROWS($2:34)-1)) -> 0
A35: =IF(ROWS($2:35)>COUNTIF(Operational_RawData!$A:$A,"1_Operational"),"",INDEX(Operational_RawData!A:A,MATCH("1_Operational",Operational_RawData!$A:$A,0)+ROWS($2:35)-1)) -> 1_Operational | B35: =IF(ROWS($2:35)>COUNTIF(Operational_RawData!$A:$A,"1_Operational"),"",INDEX(Operational_RawData!B:B,MATCH("1_Operational",Operational_RawData!$A:$A,0)+ROWS($2:35)-1)) -> 144651.86 | C35: =IF(ROWS($2:35)>COUNTIF(Operational_RawData!$A:$A,"1_Operational"),"",INDEX(Operational_RawData!C:C,MATCH("1_Operational",Operational_RawData!$A:$A,0)+ROWS($2:35)-1)) -> 24.75 | D35: =IF(ROWS($2:35)>COUNTIF(Operational_RawData!$A:$A,"1_Operational"),"",INDEX(Operational_RawData!D:D,MATCH("1_Operational",Operational_RawData!$A:$A,0)+ROWS($2:35)-1)) -> 1309.217 | E35: =IF(ROWS($2:35)>COUNTIF(Operational_RawData!$A:$A,"1_Operational"),"",INDEX(Operational_RawData!E:E,MATCH("1_Operational",Operational_RawData!$A:$A,0)+ROWS($2:35)-1)) -> 3.39 | F35: =IF(ROWS($2:35)>COUNTIF(Operational_RawData!$A:$A,"1_Operational"),"",INDEX(Operational_RawData!F:F,MATCH("1_Operational",Operational_RawData!$A:$A,0)+ROWS($2:35)-1)) -> 223.2 | G35: =IF(ROWS($2:35)>COUNTIF(Operational_RawData!$A:$A,"1_Operational"),"",INDEX(Operational_RawData!G:G,MATCH("1_Operational",Operational_RawData!$A:$A,0)+ROWS($2:35)-1)) -> 223.2 | H35: =IF(ROWS($2:35)>COUNTIF(Operational_RawData!$A:$A,"1_Operational"),"",INDEX(Operational_RawData!H:H,MATCH("1_Operational",Operational_RawData!$A:$A,0)+ROWS($2:35)-1)) -> 223.2 | I35: =IF(ROWS($2:35)>COUNTIF(Operational_RawData!$A:$A,"1_Operational"),"",INDEX(Operational_RawData!I:I,MATCH("1_Operational",Operational_RawData!$A:$A,0)+ROWS($2:35)-1)) -> 223.2 | J35: =IF(ROWS($2:35)>COUNTIF(Operational_RawData!$A:$A,"1_Operational"),"",INDEX(Operational_RawData!J:J,MATCH("1_Operational",Operational_RawData!$A:$A,0)+ROWS($2:35)-1)) -> 320.44 | K35: =IF(ROWS($2:35)>COUNTIF(Operational_RawData!$A:$A,"1_Operational"),"",INDEX(Operational_RawData!K:K,MATCH("1_Operational",Operational_RawData!$A:$A,0)+ROWS($2:35)-1)) -> 320.44 | L35: =IF(ROWS($2:35)>COUNTIF(Operational_RawData!$A:$A,"1_Operational"),"",INDEX(Operational_RawData!L:L,MATCH("1_Operational",Operational_RawData!$A:$A,0)+ROWS($2:35)-1)) -> 320.44 | M35: =IF(ROWS($2:35)>COUNTIF(Operational_RawData!$A:$A,"1_Operational"),"",INDEX(Operational_RawData!M:M,MATCH("1_Operational",Operational_RawData!$A:$A,0)+ROWS($2:35)-1)) -> 320.44 | N35: =IF(ROWS($2:35)>COUNTIF(Operational_RawData!$A:$A,"1_Operational"),"",INDEX(Operational_RawData!N:N,MATCH("1_Operational",Operational_RawData!$A:$A,0)+ROWS($2:35)-1)) -> 0.09 | O35: =IF(ROWS($2:35)>COUNTIF(Operational_RawData!$A:$A,"1_Operational"),"",INDEX(Operational_RawData!O:O,MATCH("1_Operational",Operational_RawData!$A:$A,0)+ROWS($2:35)-1)) -> 0.19 | P35: =IF(ROWS($2:35)>COUNTIF(Operational_RawData!$A:$A,"1_Operational"),"",INDEX(Operational_RawData!P:P,MATCH("1_Operational",Operational_RawData!$A:$A,0)+ROWS($2:35)-1)) -> 0.06 | Q35: =IF(ROWS($2:35)>COUNTIF(Operational_RawData!$A:$A,"1_Operational"),"",INDEX(Operational_RawData!Q:Q,MATCH("1_Operational",Operational_RawData!$A:$A,0)+ROWS($2:35)-1)) -> 0.1 | R35: =IF(ROWS($2:35)>COUNTIF(Operational_RawData!$A:$A,"1_Operational"),"",INDEX(Operational_RawData!R:R,MATCH("1_Operational",Operational_RawData!$A:$A,0)+ROWS($2:35)-1)) -> Pass | S35: =IF(ROWS($2:35)>COUNTIF(Operational_RawData!$A:$A,"1_Operational"),"",INDEX(Operational_RawData!S:S,MATCH("1_Operational",Operational_RawData!$A:$A,0)+ROWS($2:35)-1)) -> 0 | T35: =IF(ROWS($2:35)>COUNTIF(Operational_RawData!$A:$A,"1_Operational"),"",INDEX(Operational_RawData!T:T,MATCH("1_Operational",Operational_RawData!$A:$A,0)+ROWS($2:35)-1)) -> 0
A36: =IF(ROWS($2:36)>COUNTIF(Operational_RawData!$A:$A,"1_Operational"),"",INDEX(Operational_RawData!A:A,MATCH("1_Operational",Operational_RawData!$A:$A,0)+ROWS($2:36)-1)) -> 1_Operational | B36: =IF(ROWS($2:36)>COUNTIF(Operational_RawData!$A:$A,"1_Operational"),"",INDEX(Operational_RawData!B:B,MATCH("1_Operational",Operational_RawData!$A:$A,0)+ROWS($2:36)-1)) -> 144656.86 | C36: =IF(ROWS($2:36)>COUNTIF(Operational_RawData!$A:$A,"1_Operational"),"",INDEX(Operational_RawData!C:C,MATCH("1_Operational",Operational_RawData!$A:$A,0)+ROWS($2:36)-1)) -> 25.5 | D36: =IF(ROWS($2:36)>COUNTIF(Operational_RawData!$A:$A,"1_Operational"),"",INDEX(Operational_RawData!D:D,MATCH("1_Operational",Operational_RawData!$A:$A,0)+ROWS($2:36)-1)) -> 1309.282 | E36: =IF(ROWS($2:36)>COUNTIF(Operational_RawData!$A:$A,"1_Operational"),"",INDEX(Operational_RawData!E:E,MATCH("1_Operational",Operational_RawData!$A:$A,0)+ROWS($2:36)-1)) -> 3.41 | F36: =IF(ROWS($2:36)>COUNTIF(Operational_RawData!$A:$A,"1_Operational"),"",INDEX(Operational_RawData!F:F,MATCH("1_Operational",Operational_RawData!$A:$A,0)+ROWS($2:36)-1)) -> 222.88 | G36: =IF(ROWS($2:36)>COUNTIF(Operational_RawData!$A:$A,"1_Operational"),"",INDEX(Operational_RawData!G:G,MATCH("1_Operational",Operational_RawData!$A:$A,0)+ROWS($2:36)-1)) -> 222.88 | H36: =IF(ROWS($2:36)>COUNTIF(Operational_RawData!$A:$A,"1_Operational"),"",INDEX(Operational_RawData!H:H,MATCH("1_Operational",Operational_RawData!$A:$A,0)+ROWS($2:36)-1)) -> 222.88 | I36: =IF(ROWS($2:36)>COUNTIF(Operational_RawData!$A:$A,"1_Operational"),"",INDEX(Operational_RawData!I:I,MATCH("1_Operational",Operational_RawData!$A:$A,0)+ROWS($2:36)-1)) -> 222.88 | J36: =IF(ROWS($2:36)>COUNTIF(Operational_RawData!$A:$A,"1_Operational"),"",INDEX(Operational_RawData!J:J,MATCH("1_Operational",Operational_RawData!$A:$A,0)+ROWS($2:36)-1)) -> 320.48 | K36: =IF(ROWS($2:36)>COUNTIF(Operational_RawData!$A:$A,"1_Operational"),"",INDEX(Operational_RawData!K:K,MATCH("1_Operational",Operational_RawData!$A:$A,0)+ROWS($2:36)-1)) -> 320.48 | L36: =IF(ROWS($2:36)>COUNTIF(Operational_RawData!$A:$A,"1_Operational"),"",INDEX(Operational_RawData!L:L,MATCH("1_Operational",Operational_RawData!$A:$A,0)+ROWS($2:36)-1)) -> 320.48 | M36: =IF(ROWS($2:36)>COUNTIF(Operational_RawData!$A:$A,"1_Operational"),"",INDEX(Operational_RawData!M:M,MATCH("1_Operational",Operational_RawData!$A:$A,0)+ROWS($2:36)-1)) -> 320.48 | N36: =IF(ROWS($2:36)>COUNTIF(Operational_RawData!$A:$A,"1_Operational"),"",INDEX(Operational_RawData!N:N,MATCH("1_Operational",Operational_RawData!$A:$A,0)+ROWS($2:36)-1)) -> 0.09 | O36: =IF(ROWS($2:36)>COUNTIF(Operational_RawData!$A:$A,"1_Operational"),"",INDEX(Operational_RawData!O:O,MATCH("1_Operational",Operational_RawData!$A:$A,0)+ROWS($2:36)-1)) -> 0.19 | P36: =IF(ROWS($2:36)>COUNTIF(Operational_RawData!$A:$A,"1_Operational"),"",INDEX(Operational_RawData!P:P,MATCH("1_Operational",Operational_RawData!$A:$A,0)+ROWS($2:36)-1)) -> 0.06 | Q36: =IF(ROWS($2:36)>COUNTIF(Operational_RawData!$A:$A,"1_Operational"),"",INDEX(Operational_RawData!Q:Q,MATCH("1_Operational",Operational_RawData!$A:$A,0)+ROWS($2:36)-1)) -> 0.1 | R36: =IF(ROWS($2:36)>COUNTIF(Operational_RawData!$A:$A,"1_Operational"),"",INDEX(Operational_RawData!R:R,MATCH("1_Operational",Operational_RawData!$A:$A,0)+ROWS($2:36)-1)) -> Pass | S36: =IF(ROWS($2:36)>COUNTIF(Operational_RawData!$A:$A,"1_Operational"),"",INDEX(Operational_RawData!S:S,MATCH("1_Operational",Operational_RawData!$A:$A,0)+ROWS($2:36)-1)) -> 0 | T36: =IF(ROWS($2:36)>COUNTIF(Operational_RawData!$A:$A,"1_Operational"),"",INDEX(Operational_RawData!T:T,MATCH("1_Operational",Operational_RawData!$A:$A,0)+ROWS($2:36)-1)) -> 0
A37: =IF(ROWS($2:37)>COUNTIF(Operational_RawData!$A:$A,"1_Operational"),"",INDEX(Operational_RawData!A:A,MATCH("1_Operational",Operational_RawData!$A:$A,0)+ROWS($2:37)-1)) -> 1_Operational | B37: =IF(ROWS($2:37)>COUNTIF(Operational_RawData!$A:$A,"1_Operational"),"",INDEX(Operational_RawData!B:B,MATCH("1_Operational",Operational_RawData!$A:$A,0)+ROWS($2:37)-1)) -> 144701.87 | C37: =IF(ROWS($2:37)>COUNTIF(Operational_RawData!$A:$A,"1_Operational"),"",INDEX(Operational_RawData!C:C,MATCH("1_Operational",Operational_RawData!$A:$A,0)+ROWS($2:37)-1)) -> 26.26 | D37: =IF(ROWS($2:37)>COUNTIF(Operational_RawData!$A:$A,"1_Operational"),"",INDEX(Operational_RawData!D:D,MATCH("1_Operational",Operational_RawData!$A:$A,0)+ROWS($2:37)-1)) -> 1309.347 | E37: =IF(ROWS($2:37)>COUNTIF(Operational_RawData!$A:$A,"1_Operational"),"",INDEX(Operational_RawData!E:E,MATCH("1_Operational",Operational_RawData!$A:$A,0)+ROWS($2:37)-1)) -> 3.41 | F37: =IF(ROWS($2:37)>COUNTIF(Operational_RawData!$A:$A,"1_Operational"),"",INDEX(Operational_RawData!F:F,MATCH("1_Operational",Operational_RawData!$A:$A,0)+ROWS($2:37)-1)) -> 222.72 | G37: =IF(ROWS($2:37)>COUNTIF(Operational_RawData!$A:$A,"1_Operational"),"",INDEX(Operational_RawData!G:G,MATCH("1_Operational",Operational_RawData!$A:$A,0)+ROWS($2:37)-1)) -> 222.72 | H37: =IF(ROWS($2:37)>COUNTIF(Operational_RawData!$A:$A,"1_Operational"),"",INDEX(Operational_RawData!H:H,MATCH("1_Operational",Operational_RawData!$A:$A,0)+ROWS($2:37)-1)) -> 222.72 | I37: =IF(ROWS($2:37)>COUNTIF(Operational_RawData!$A:$A,"1_Operational"),"",INDEX(Operational_RawData!I:I,MATCH("1_Operational",Operational_RawData!$A:$A,0)+ROWS($2:37)-1)) -> 222.72 | J37: =IF(ROWS($2:37)>COUNTIF(Operational_RawData!$A:$A,"1_Operational"),"",INDEX(Operational_RawData!J:J,MATCH("1_Operational",Operational_RawData!$A:$A,0)+ROWS($2:37)-1)) -> 320.68 | K37: =IF(ROWS($2:37)>COUNTIF(Operational_RawData!$A:$A,"1_Operational"),"",INDEX(Operational_RawData!K:K,MATCH("1_Operational",Operational_RawData!$A:$A,0)+ROWS($2:37)-1)) -> 320.68 | L37: =IF(ROWS($2:37)>COUNTIF(Operational_RawData!$A:$A,"1_Operational"),"",INDEX(Operational_RawData!L:L,MATCH("1_Operational",Operational_RawData!$A:$A,0)+ROWS($2:37)-1)) -> 320.68 | M37: =IF(ROWS($2:37)>COUNTIF(Operational_RawData!$A:$A,"1_Operational"),"",INDEX(Operational_RawData!M:M,MATCH("1_Operational",Operational_RawData!$A:$A,0)+ROWS($2:37)-1)) -> 320.68 | N37: =IF(ROWS($2:37)>COUNTIF(Operational_RawData!$A:$A,"1_Operational"),"",INDEX(Operational_RawData!N:N,MATCH("1_Operational",Operational_RawData!$A:$A,0)+ROWS($2:37)-1)) -> 0.09 | O37: =IF(ROWS($2:37)>COUNTIF(Operational_RawData!$A:$A,"1_Operational"),"",INDEX(Operational_RawData!O:O,MATCH("1_Operational",Operational_RawData!$A:$A,0)+ROWS($2:37)-1)) -> 0.19 | P37: =IF(ROWS($2:37)>COUNTIF(Operational_RawData!$A:$A,"1_Operational"),"",INDEX(Operational_RawData!P:P,MATCH("1_Operational",Operational_RawData!$A:$A,0)+ROWS($2:37)-1)) -> 0.06 | Q37: =IF(ROWS($2:37)>COUNTIF(Operational_RawData!$A:$A,"1_Operational"),"",INDEX(Operational_RawData!Q:Q,MATCH("1_Operational",Operational_RawData!$A:$A,0)+ROWS($2:37)-1)) -> 0.1 | R37: =IF(ROWS($2:37)>COUNTIF(Operational_RawData!$A:$A,"1_Operational"),"",INDEX(Operational_RawData!R:R,MATCH("1_Operational",Operational_RawData!$A:$A,0)+ROWS($2:37)-1)) -> Pass | S37: =IF(ROWS($2:37)>COUNTIF(Operational_RawData!$A:$A,"1_Operational"),"",INDEX(Operational_RawData!S:S,MATCH("1_Operational",Operational_RawData!$A:$A,0)+ROWS($2:37)-1)) -> 0 | T37: =IF(ROWS($2:37)>COUNTIF(Operational_RawData!$A:$A,"1_Operational"),"",INDEX(Operational_RawData!T:T,MATCH("1_Operational",Operational_RawData!$A:$A,0)+ROWS($2:37)-1)) -> 0
A38: =IF(ROWS($2:38)>COUNTIF(Operational_RawData!$A:$A,"1_Operational"),"",INDEX(Operational_RawData!A:A,MATCH("1_Operational",Operational_RawData!$A:$A,0)+ROWS($2:38)-1)) -> 1_Operational | B38: =IF(ROWS($2:38)>COUNTIF(Operational_RawData!$A:$A,"1_Operational"),"",INDEX(Operational_RawData!B:B,MATCH("1_Operational",Operational_RawData!$A:$A,0)+ROWS($2:38)-1)) -> 144706.88 | C38: =IF(ROWS($2:38)>COUNTIF(Operational_RawData!$A:$A,"1_Operational"),"",INDEX(Operational_RawData!C:C,MATCH("1_Operational",Operational_RawData!$A:$A,0)+ROWS($2:38)-1)) -> 26.99 | D38: =IF(ROWS($2:38)>COUNTIF(Operational_RawData!$A:$A,"1_Operational"),"",INDEX(Operational_RawData!D:D,MATCH("1_Operational",Operational_RawData!$A:$A,0)+ROWS($2:38)-1)) -> 1309.413 | E38: =IF(ROWS($2:38)>COUNTIF(Operational_RawData!$A:$A,"1_Operational"),"",INDEX(Operational_RawData!E:E,MATCH("1_Operational",Operational_RawData!$A:$A,0)+ROWS($2:38)-1)) -> 3.38 | F38: =IF(ROWS($2:38)>COUNTIF(Operational_RawData!$A:$A,"1_Operational"),"",INDEX(Operational_RawData!F:F,MATCH("1_Operational",Operational_RawData!$A:$A,0)+ROWS($2:38)-1)) -> 222.72 | G38: =IF(ROWS($2:38)>COUNTIF(Operational_RawData!$A:$A,"1_Operational"),"",INDEX(Operational_RawData!G:G,MATCH("1_Operational",Operational_RawData!$A:$A,0)+ROWS($2:38)-1)) -> 222.72 | H38: =IF(ROWS($2:38)>COUNTIF(Operational_RawData!$A:$A,"1_Operational"),"",INDEX(Operational_RawData!H:H,MATCH("1_Operational",Operational_RawData!$A:$A,0)+ROWS($2:38)-1)) -> 222.72 | I38: =IF(ROWS($2:38)>COUNTIF(Operational_RawData!$A:$A,"1_Operational"),"",INDEX(Operational_RawData!I:I,MATCH("1_Operational",Operational_RawData!$A:$A,0)+ROWS($2:38)-1)) -> 222.72 | J38: =IF(ROWS($2:38)>COUNTIF(Operational_RawData!$A:$A,"1_Operational"),"",INDEX(Operational_RawData!J:J,MATCH("1_Operational",Operational_RawData!$A:$A,0)+ROWS($2:38)-1)) -> 321 | K38: =IF(ROWS($2:38)>COUNTIF(Operational_RawData!$A:$A,"1_Operational"),"",INDEX(Operational_RawData!K:K,MATCH("1_Operational",Operational_RawData!$A:$A,0)+ROWS($2:38)-1)) -> 321 | L38: =IF(ROWS($2:38)>COUNTIF(Operational_RawData!$A:$A,"1_Operational"),"",INDEX(Operational_RawData!L:L,MATCH("1_Operational",Operational_RawData!$A:$A,0)+ROWS($2:38)-1)) -> 321 | M38: =IF(ROWS($2:38)>COUNTIF(Operational_RawData!$A:$A,"1_Operational"),"",INDEX(Operational_RawData!M:M,MATCH("1_Operational",Operational_RawData!$A:$A,0)+ROWS($2:38)-1)) -> 321 | N38: =IF(ROWS($2:38)>COUNTIF(Operational_RawData!$A:$A,"1_Operational"),"",INDEX(Operational_RawData!N:N,MATCH("1_Operational",Operational_RawData!$A:$A,0)+ROWS($2:38)-1)) -> 0.09 | O38: =IF(ROWS($2:38)>COUNTIF(Operational_RawData!$A:$A,"1_Operational"),"",INDEX(Operational_RawData!O:O,MATCH("1_Operational",Operational_RawData!$A:$A,0)+ROWS($2:38)-1)) -> 0.19 | P38: =IF(ROWS($2:38)>COUNTIF(Operational_RawData!$A:$A,"1_Operational"),"",INDEX(Operational_RawData!P:P,MATCH("1_Operational",Operational_RawData!$A:$A,0)+ROWS($2:38)-1)) -> 0.06 | Q38: =IF(ROWS($2:38)>COUNTIF(Operational_RawData!$A:$A,"1_Operational"),"",INDEX(Operational_RawData!Q:Q,MATCH("1_Operational",Operational_RawData!$A:$A,0)+ROWS($2:38)-1)) -> 0.1 | R38: =IF(ROWS($2:38)>COUNTIF(Operational_RawData!$A:$A,"1_Operational"),"",INDEX(Operational_RawData!R:R,MATCH("1_Operational",Operational_RawData!$A:$A,0)+ROWS($2:38)-1)) -> Pass | S38: =IF(ROWS($2:38)>COUNTIF(Operational_RawData!$A:$A,"1_Operational"),"",INDEX(Operational_RawData!S:S,MATCH("1_Operational",Operational_RawData!$A:$A,0)+ROWS($2:38)-1)) -> 0 | T38: =IF(ROWS($2:38)>COUNTIF(Operational_RawData!$A:$A,"1_Operational"),"",INDEX(Operational_RawData!T:T,MATCH("1_Operational",Operational_RawData!$A:$A,0)+ROWS($2:38)-1)) -> 0
A39: =IF(ROWS($2:39)>COUNTIF(Operational_RawData!$A:$A,"1_Operational"),"",INDEX(Operational_RawData!A:A,MATCH("1_Operational",Operational_RawData!$A:$A,0)+ROWS($2:39)-1)) -> 1_Operational | B39: =IF(ROWS($2:39)>COUNTIF(Operational_RawData!$A:$A,"1_Operational"),"",INDEX(Operational_RawData!B:B,MATCH("1_Operational",Operational_RawData!$A:$A,0)+ROWS($2:39)-1)) -> 144711.87 | C39: =IF(ROWS($2:39)>COUNTIF(Operational_RawData!$A:$A,"1_Operational"),"",INDEX(Operational_RawData!C:C,MATCH("1_Operational",Operational_RawData!$A:$A,0)+ROWS($2:39)-1)) -> 27.74 | D39: =IF(ROWS($2:39)>COUNTIF(Operational_RawData!$A:$A,"1_Operational"),"",INDEX(Operational_RawData!D:D,MATCH("1_Operational",Operational_RawData!$A:$A,0)+ROWS($2:39)-1)) -> 1309.472 | E39: =IF(ROWS($2:39)>COUNTIF(Operational_RawData!$A:$A,"1_Operational"),"",INDEX(Operational_RawData!E:E,MATCH("1_Operational",Operational_RawData!$A:$A,0)+ROWS($2:39)-1)) -> 3.38 | F39: =IF(ROWS($2:39)>COUNTIF(Operational_RawData!$A:$A,"1_Operational"),"",INDEX(Operational_RawData!F:F,MATCH("1_Operational",Operational_RawData!$A:$A,0)+ROWS($2:39)-1)) -> 222.76 | G39: =IF(ROWS($2:39)>COUNTIF(Operational_RawData!$A:$A,"1_Operational"),"",INDEX(Operational_RawData!G:G,MATCH("1_Operational",Operational_RawData!$A:$A,0)+ROWS($2:39)-1)) -> 222.76 | H39: =IF(ROWS($2:39)>COUNTIF(Operational_RawData!$A:$A,"1_Operational"),"",INDEX(Operational_RawData!H:H,MATCH("1_Operational",Operational_RawData!$A:$A,0)+ROWS($2:39)-1)) -> 222.76 | I39: =IF(ROWS($2:39)>COUNTIF(Operational_RawData!$A:$A,"1_Operational"),"",INDEX(Operational_RawData!I:I,MATCH("1_Operational",Operational_RawData!$A:$A,0)+ROWS($2:39)-1)) -> 222.76 | J39: =IF(ROWS($2:39)>COUNTIF(Operational_RawData!$A:$A,"1_Operational"),"",INDEX(Operational_RawData!J:J,MATCH("1_Operational",Operational_RawData!$A:$A,0)+ROWS($2:39)-1)) -> 321.4 | K39: =IF(ROWS($2:39)>COUNTIF(Operational_RawData!$A:$A,"1_Operational"),"",INDEX(Operational_RawData!K:K,MATCH("1_Operational",Operational_RawData!$A:$A,0)+ROWS($2:39)-1)) -> 321.4 | L39: =IF(ROWS($2:39)>COUNTIF(Operational_RawData!$A:$A,"1_Operational"),"",INDEX(Operational_RawData!L:L,MATCH("1_Operational",Operational_RawData!$A:$A,0)+ROWS($2:39)-1)) -> 321.4 | M39: =IF(ROWS($2:39)>COUNTIF(Operational_RawData!$A:$A,"1_Operational"),"",INDEX(Operational_RawData!M:M,MATCH("1_Operational",Operational_RawData!$A:$A,0)+ROWS($2:39)-1)) -> 321.4 | N39: =IF(ROWS($2:39)>COUNTIF(Operational_RawData!$A:$A,"1_Operational"),"",INDEX(Operational_RawData!N:N,MATCH("1_Operational",Operational_RawData!$A:$A,0)+ROWS($2:39)-1)) -> 0.08 | O39: =IF(ROWS($2:39)>COUNTIF(Operational_RawData!$A:$A,"1_Operational"),"",INDEX(Operational_RawData!O:O,MATCH("1_Operational",Operational_RawData!$A:$A,0)+ROWS($2:39)-1)) -> 0.19 | P39: =IF(ROWS($2:39)>COUNTIF(Operational_RawData!$A:$A,"1_Operational"),"",INDEX(Operational_RawData!P:P,MATCH("1_Operational",Operational_RawData!$A:$A,0)+ROWS($2:39)-1)) -> 0.06 | Q39: =IF(ROWS($2:39)>COUNTIF(Operational_RawData!$A:$A,"1_Operational"),"",INDEX(Operational_RawData!Q:Q,MATCH("1_Operational",Operational_RawData!$A:$A,0)+ROWS($2:39)-1)) -> 0.1 | R39: =IF(ROWS($2:39)>COUNTIF(Operational_RawData!$A:$A,"1_Operational"),"",INDEX(Operational_RawData!R:R,MATCH("1_Operational",Operational_RawData!$A:$A,0)+ROWS($2:39)-1)) -> Pass | S39: =IF(ROWS($2:39)>COUNTIF(Operational_RawData!$A:$A,"1_Operational"),"",INDEX(Operational_RawData!S:S,MATCH("1_Operational",Operational_RawData!$A:$A,0)+ROWS($2:39)-1)) -> 0 | T39: =IF(ROWS($2:39)>COUNTIF(Operational_RawData!$A:$A,"1_Operational"),"",INDEX(Operational_RawData!T:T,MATCH("1_Operational",Operational_RawData!$A:$A,0)+ROWS($2:39)-1)) -> 0
A40: =IF(ROWS($2:40)>COUNTIF(Operational_RawData!$A:$A,"1_Operational"),"",INDEX(Operational_RawData!A:A,MATCH("1_Operational",Operational_RawData!$A:$A,0)+ROWS($2:40)-1)) -> 1_Operational | B40: =IF(ROWS($2:40)>COUNTIF(Operational_RawData!$A:$A,"1_Operational"),"",INDEX(Operational_RawData!B:B,MATCH("1_Operational",Operational_RawData!$A:$A,0)+ROWS($2:40)-1)) -> 144716.87 | C40: =IF(ROWS($2:40)>COUNTIF(Operational_RawData!$A:$A,"1_Operational"),"",INDEX(Operational_RawData!C:C,MATCH("1_Operational",Operational_RawData!$A:$A,0)+ROWS($2:40)-1)) -> 28.47 | D40: =IF(ROWS($2:40)>COUNTIF(Operational_RawData!$A:$A,"1_Operational"),"",INDEX(Operational_RawData!D:D,MATCH("1_Operational",Operational_RawData!$A:$A,0)+ROWS($2:40)-1)) -> 1309.548 | E40: =IF(ROWS($2:40)>COUNTIF(Operational_RawData!$A:$A,"1_Operational"),"",INDEX(Operational_RawData!E:E,MATCH("1_Operational",Operational_RawData!$A:$A,0)+ROWS($2:40)-1)) -> 3.38 | F40: =IF(ROWS($2:40)>COUNTIF(Operational_RawData!$A:$A,"1_Operational"),"",INDEX(Operational_RawData!F:F,MATCH("1_Operational",Operational_RawData!$A:$A,0)+ROWS($2:40)-1)) -> 222.88 | G40: =IF(ROWS($2:40)>COUNTIF(Operational_RawData!$A:$A,"1_Operational"),"",INDEX(Operational_RawData!G:G,MATCH("1_Operational",Operational_RawData!$A:$A,0)+ROWS($2:40)-1)) -> 222.88 | H40: =IF(ROWS($2:40)>COUNTIF(Operational_RawData!$A:$A,"1_Operational"),"",INDEX(Operational_RawData!H:H,MATCH("1_Operational",Operational_RawData!$A:$A,0)+ROWS($2:40)-1)) -> 222.88 | I40: =IF(ROWS($2:40)>COUNTIF(Operational_RawData!$A:$A,"1_Operational"),"",INDEX(Operational_RawData!I:I,MATCH("1_Operational",Operational_RawData!$A:$A,0)+ROWS($2:40)-1)) -> 222.88 | J40: =IF(ROWS($2:40)>COUNTIF(Operational_RawData!$A:$A,"1_Operational"),"",INDEX(Operational_RawData!J:J,MATCH("1_Operational",Operational_RawData!$A:$A,0)+ROWS($2:40)-1)) -> 321.88 | K40: =IF(ROWS($2:40)>COUNTIF(Operational_RawData!$A:$A,"1_Operational"),"",INDEX(Operational_RawData!K:K,MATCH("1_Operational",Operational_RawData!$A:$A,0)+ROWS($2:40)-1)) -> 321.88 | L40: =IF(ROWS($2:40)>COUNTIF(Operational_RawData!$A:$A,"1_Operational"),"",INDEX(Operational_RawData!L:L,MATCH("1_Operational",Operational_RawData!$A:$A,0)+ROWS($2:40)-1)) -> 321.88 | M40: =IF(ROWS($2:40)>COUNTIF(Operational_RawData!$A:$A,"1_Operational"),"",INDEX(Operational_RawData!M:M,MATCH("1_Operational",Operational_RawData!$A:$A,0)+ROWS($2:40)-1)) -> 321.88 | N40: =IF(ROWS($2:40)>COUNTIF(Operational_RawData!$A:$A,"1_Operational"),"",INDEX(Operational_RawData!N:N,MATCH("1_Operational",Operational_RawData!$A:$A,0)+ROWS($2:40)-1)) -> 0.1 | O40: =IF(ROWS($2:40)>COUNTIF(Operational_RawData!$A:$A,"1_Operational"),"",INDEX(Operational_RawData!O:O,MATCH("1_Operational",Operational_RawData!$A:$A,0)+ROWS($2:40)-1)) -> 0.19 | P40: =IF(ROWS($2:40)>COUNTIF(Operational_RawData!$A:$A,"1_Operational"),"",INDEX(Operational_RawData!P:P,MATCH("1_Operational",Operational_RawData!$A:$A,0)+ROWS($2:40)-1)) -> 0.06 | Q40: =IF(ROWS($2:40)>COUNTIF(Operational_RawData!$A:$A,"1_Operational"),"",INDEX(Operational_RawData!Q:Q,MATCH("1_Operational",Operational_RawData!$A:$A,0)+ROWS($2:40)-1)) -> 0.1 | R40: =IF(ROWS($2:40)>COUNTIF(Operational_RawData!$A:$A,"1_Operational"),"",INDEX(Operational_RawData!R:R,MATCH("1_Operational",Operational_RawData!$A:$A,0)+ROWS($2:40)-1)) -> Pass | S40: =IF(ROWS($2:40)>COUNTIF(Operational_RawData!$A:$A,"1_Operational"),"",INDEX(Operational_RawData!S:S,MATCH("1_Operational",Operational_RawData!$A:$A,0)+ROWS($2:40)-1)) -> 0 | T40: =IF(ROWS($2:40)>COUNTIF(Operational_RawData!$A:$A,"1_Operational"),"",INDEX(Operational_RawData!T:T,MATCH("1_Operational",Operational_RawData!$A:$A,0)+ROWS($2:40)-1)) -> 0
A41: =IF(ROWS($2:41)>COUNTIF(Operational_RawData!$A:$A,"1_Operational"),"",INDEX(Operational_RawData!A:A,MATCH("1_Operational",Operational_RawData!$A:$A,0)+ROWS($2:41)-1)) -> 1_Operational | B41: =IF(ROWS($2:41)>COUNTIF(Operational_RawData!$A:$A,"1_Operational"),"",INDEX(Operational_RawData!B:B,MATCH("1_Operational",Operational_RawData!$A:$A,0)+ROWS($2:41)-1)) -> 144721.87 | C41: =IF(ROWS($2:41)>COUNTIF(Operational_RawData!$A:$A,"1_Operational"),"",INDEX(Operational_RawData!C:C,MATCH("1_Operational",Operational_RawData!$A:$A,0)+ROWS($2:41)-1)) -> 29.24 | D41: =IF(ROWS($2:41)>COUNTIF(Operational_RawData!$A:$A,"1_Operational"),"",INDEX(Operational_RawData!D:D,MATCH("1_Operational",Operational_RawData!$A:$A,0)+ROWS($2:41)-1)) -> 1309.609 | E41: =IF(ROWS($2:41)>COUNTIF(Operational_RawData!$A:$A,"1_Operational"),"",INDEX(Operational_RawData!E:E,MATCH("1_Operational",Operational_RawData!$A:$A,0)+ROWS($2:41)-1)) -> 3.33 | F41: =IF(ROWS($2:41)>COUNTIF(Operational_RawData!$A:$A,"1_Operational"),"",INDEX(Operational_RawData!F:F,MATCH("1_Operational",Operational_RawData!$A:$A,0)+ROWS($2:41)-1)) -> 223.08 | G41: =IF(ROWS($2:41)>COUNTIF(Operational_RawData!$A:$A,"1_Operational"),"",INDEX(Operational_RawData!G:G,MATCH("1_Operational",Operational_RawData!$A:$A,0)+ROWS($2:41)-1)) -> 223.08 | H41: =IF(ROWS($2:41)>COUNTIF(Operational_RawData!$A:$A,"1_Operational"),"",INDEX(Operational_RawData!H:H,MATCH("1_Operational",Operational_RawData!$A:$A,0)+ROWS($2:41)-1)) -> 223.08 | I41: =IF(ROWS($2:41)>COUNTIF(Operational_RawData!$A:$A,"1_Operational"),"",INDEX(Operational_RawData!I:I,MATCH("1_Operational",Operational_RawData!$A:$A,0)+ROWS($2:41)-1)) -> 223.08 | J41: =IF(ROWS($2:41)>COUNTIF(Operational_RawData!$A:$A,"1_Operational"),"",INDEX(Operational_RawData!J:J,MATCH("1_Operational",Operational_RawData!$A:$A,0)+ROWS($2:41)-1)) -> 322.52 | K41: =IF(ROWS($2:41)>COUNTIF(Operational_RawData!$A:$A,"1_Operational"),"",INDEX(Operational_RawData!K:K,MATCH("1_Operational",Operational_RawData!$A:$A,0)+ROWS($2:41)-1)) -> 322.52 | L41: =IF(ROWS($2:41)>COUNTIF(Operational_RawData!$A:$A,"1_Operational"),"",INDEX(Operational_RawData!L:L,MATCH("1_Operational",Operational_RawData!$A:$A,0)+ROWS($2:41)-1)) -> 322.52 | M41: =IF(ROWS($2:41)>COUNTIF(Operational_RawData!$A:$A,"1_Operational"),"",INDEX(Operational_RawData!M:M,MATCH("1_Operational",Operational_RawData!$A:$A,0)+ROWS($2:41)-1)) -> 322.52 | N41: =IF(ROWS($2:41)>COUNTIF(Operational_RawData!$A:$A,"1_Operational"),"",INDEX(Operational_RawData!N:N,MATCH("1_Operational",Operational_RawData!$A:$A,0)+ROWS($2:41)-1)) -> 0.08 | O41: =IF(ROWS($2:41)>COUNTIF(Operational_RawData!$A:$A,"1_Operational"),"",INDEX(Operational_RawData!O:O,MATCH("1_Operational",Operational_RawData!$A:$A,0)+ROWS($2:41)-1)) -> 0.19 | P41: =IF(ROWS($2:41)>COUNTIF(Operational_RawData!$A:$A,"1_Operational"),"",INDEX(Operational_RawData!P:P,MATCH("1_Operational",Operational_RawData!$A:$A,0)+ROWS($2:41)-1)) -> 0.06 | Q41: =IF(ROWS($2:41)>COUNTIF(Operational_RawData!$A:$A,"1_Operational"),"",INDEX(Operational_RawData!Q:Q,MATCH("1_Operational",Operational_RawData!$A:$A,0)+ROWS($2:41)-1)) -> 0.1 | R41: =IF(ROWS($2:41)>COUNTIF(Operational_RawData!$A:$A,"1_Operational"),"",INDEX(Operational_RawData!R:R,MATCH("1_Operational",Operational_RawData!$A:$A,0)+ROWS($2:41)-1)) -> Pass | S41: =IF(ROWS($2:41)>COUNTIF(Operational_RawData!$A:$A,"1_Operational"),"",INDEX(Operational_RawData!S:S,MATCH("1_Operational",Operational_RawData!$A:$A,0)+ROWS($2:41)-1)) -> 0 | T41: =IF(ROWS($2:41)>COUNTIF(Operational_RawData!$A:$A,"1_Operational"),"",INDEX(Operational_RawData!T:T,MATCH("1_Operational",Operational_RawData!$A:$A,0)+ROWS($2:41)-1)) -> 0
A42: =IF(ROWS($2:42)>COUNTIF(Operational_RawData!$A:$A,"1_Operational"),"",INDEX(Operational_RawData!A:A,MATCH("1_Operational",Operational_RawData!$A:$A,0)+ROWS($2:42)-1)) -> 1_Operational | B42: =IF(ROWS($2:42)>COUNTIF(Operational_RawData!$A:$A,"1_Operational"),"",INDEX(Operational_RawData!B:B,MATCH("1_Operational",Operational_RawData!$A:$A,0)+ROWS($2:42)-1)) -> 144726.87 | C42: =IF(ROWS($2:42)>COUNTIF(Operational_RawData!$A:$A,"1_Operational"),"",INDEX(Operational_RawData!C:C,MATCH("1_Operational",Operational_RawData!$A:$A,0)+ROWS($2:42)-1)) -> 29.97 | D42: =IF(ROWS($2:42)>COUNTIF(Operational_RawData!$A:$A,"1_Operational"),"",INDEX(Operational_RawData!D:D,MATCH("1_Operational",Operational_RawData!$A:$A,0)+ROWS($2:42)-1)) -> 1309.678 | E42: =IF(ROWS($2:42)>COUNTIF(Operational_RawData!$A:$A,"1_Operational"),"",INDEX(Operational_RawData!E:E,MATCH("1_Operational",Operational_RawData!$A:$A,0)+ROWS($2:42)-1)) -> 3.23 | F42: =IF(ROWS($2:42)>COUNTIF(Operational_RawData!$A:$A,"1_Operational"),"",INDEX(Operational_RawData!F:F,MATCH("1_Operational",Operational_RawData!$A:$A,0)+ROWS($2:42)-1)) -> 223.4 | G42: =IF(ROWS($2:42)>COUNTIF(Operational_RawData!$A:$A,"1_Operational"),"",INDEX(Operational_RawData!G:G,MATCH("1_Operational",Operational_RawData!$A:$A,0)+ROWS($2:42)-1)) -> 223.4 | H42: =IF(ROWS($2:42)>COUNTIF(Operational_RawData!$A:$A,"1_Operational"),"",INDEX(Operational_RawData!H:H,MATCH("1_Operational",Operational_RawData!$A:$A,0)+ROWS($2:42)-1)) -> 223.4 | I42: =IF(ROWS($2:42)>COUNTIF(Operational_RawData!$A:$A,"1_Operational"),"",INDEX(Operational_RawData!I:I,MATCH("1_Operational",Operational_RawData!$A:$A,0)+ROWS($2:42)-1)) -> 223.4 | J42: =IF(ROWS($2:42)>COUNTIF(Operational_RawData!$A:$A,"1_Operational"),"",INDEX(Operational_RawData!J:J,MATCH("1_Operational",Operational_RawData!$A:$A,0)+ROWS($2:42)-1)) -> 323.16 | K42: =IF(ROWS($2:42)>COUNTIF(Operational_RawData!$A:$A,"1_Operational"),"",INDEX(Operational_RawData!K:K,MATCH("1_Operational",Operational_RawData!$A:$A,0)+ROWS($2:42)-1)) -> 323.16 | L42: =IF(ROWS($2:42)>COUNTIF(Operational_RawData!$A:$A,"1_Operational"),"",INDEX(Operational_RawData!L:L,MATCH("1_Operational",Operational_RawData!$A:$A,0)+ROWS($2:42)-1)) -> 323.16 | M42: =IF(ROWS($2:42)>COUNTIF(Operational_RawData!$A:$A,"1_Operational"),"",INDEX(Operational_RawData!M:M,MATCH("1_Operational",Operational_RawData!$A:$A,0)+ROWS($2:42)-1)) -> 323.16 | N42: =IF(ROWS($2:42)>COUNTIF(Operational_RawData!$A:$A,"1_Operational"),"",INDEX(Operational_RawData!N:N,MATCH("1_Operational",Operational_RawData!$A:$A,0)+ROWS($2:42)-1)) -> 0.09 | O42: =IF(ROWS($2:42)>COUNTIF(Operational_RawData!$A:$A,"1_Operational"),"",INDEX(Operational_RawData!O:O,MATCH("1_Operational",Operational_RawData!$A:$A,0)+ROWS($2:42)-1)) -> 0.19 | P42: =IF(ROWS($2:42)>COUNTIF(Operational_RawData!$A:$A,"1_Operational"),"",INDEX(Operational_RawData!P:P,MATCH("1_Operational",Operational_RawData!$A:$A,0)+ROWS($2:42)-1)) -> 0.06 | Q42: =IF(ROWS($2:42)>COUNTIF(Operational_RawData!$A:$A,"1_Operational"),"",INDEX(Operational_RawData!Q:Q,MATCH("1_Operational",Operational_RawData!$A:$A,0)+ROWS($2:42)-1)) -> 0.1 | R42: =IF(ROWS($2:42)>COUNTIF(Operational_RawData!$A:$A,"1_Operational"),"",INDEX(Operational_RawData!R:R,MATCH("1_Operational",Operational_RawData!$A:$A,0)+ROWS($2:42)-1)) -> Pass | S42: =IF(ROWS($2:42)>COUNTIF(Operational_RawData!$A:$A,"1_Operational"),"",INDEX(Operational_RawData!S:S,MATCH("1_Operational",Operational_RawData!$A:$A,0)+ROWS($2:42)-1)) -> 0 | T42: =IF(ROWS($2:42)>COUNTIF(Operational_RawData!$A:$A,"1_Operational"),"",INDEX(Operational_RawData!T:T,MATCH("1_Operational",Operational_RawData!$A:$A,0)+ROWS($2:42)-1)) -> 0
A43: =IF(ROWS($2:43)>COUNTIF(Operational_RawData!$A:$A,"1_Operational"),"",INDEX(Operational_RawData!A:A,MATCH("1_Operational",Operational_RawData!$A:$A,0)+ROWS($2:43)-1)) -> 1_Operational | B43: =IF(ROWS($2:43)>COUNTIF(Operational_RawData!$A:$A,"1_Operational"),"",INDEX(Operational_RawData!B:B,MATCH("1_Operational",Operational_RawData!$A:$A,0)+ROWS($2:43)-1)) -> 144731.87 | C43: =IF(ROWS($2:43)>COUNTIF(Operational_RawData!$A:$A,"1_Operational"),"",INDEX(Operational_RawData!C:C,MATCH("1_Operational",Operational_RawData!$A:$A,0)+ROWS($2:43)-1)) -> 30.73 | D43: =IF(ROWS($2:43)>COUNTIF(Operational_RawData!$A:$A,"1_Operational"),"",INDEX(Operational_RawData!D:D,MATCH("1_Operational",Operational_RawData!$A:$A,0)+ROWS($2:43)-1)) -> 1309.745 | E43: =IF(ROWS($2:43)>COUNTIF(Operational_RawData!$A:$A,"1_Operational"),"",INDEX(Operational_RawData!E:E,MATCH("1_Operational",Operational_RawData!$A:$A,0)+ROWS($2:43)-1)) -> 3.16 | F43: =IF(ROWS($2:43)>COUNTIF(Operational_RawData!$A:$A,"1_Operational"),"",INDEX(Operational_RawData!F:F,MATCH("1_Operational",Operational_RawData!$A:$A,0)+ROWS($2:43)-1)) -> 223.88 | G43: =IF(ROWS($2:43)>COUNTIF(Operational_RawData!$A:$A,"1_Operational"),"",INDEX(Operational_RawData!G:G,MATCH("1_Operational",Operational_RawData!$A:$A,0)+ROWS($2:43)-1)) -> 223.88 | H43: =IF(ROWS($2:43)>COUNTIF(Operational_RawData!$A:$A,"1_Operational"),"",INDEX(Operational_RawData!H:H,MATCH("1_Operational",Operational_RawData!$A:$A,0)+ROWS($2:43)-1)) -> 223.88 | I43: =IF(ROWS($2:43)>COUNTIF(Operational_RawData!$A:$A,"1_Operational"),"",INDEX(Operational_RawData!I:I,MATCH("1_Operational",Operational_RawData!$A:$A,0)+ROWS($2:43)-1)) -> 223.88 | J43: =IF(ROWS($2:43)>COUNTIF(Operational_RawData!$A:$A,"1_Operational"),"",INDEX(Operational_RawData!J:J,MATCH("1_Operational",Operational_RawData!$A:$A,0)+ROWS($2:43)-1)) -> 324 | K43: =IF(ROWS($2:43)>COUNTIF(Operational_RawData!$A:$A,"1_Operational"),"",INDEX(Operational_RawData!K:K,MATCH("1_Operational",Operational_RawData!$A:$A,0)+ROWS($2:43)-1)) -> 324 | L43: =IF(ROWS($2:43)>COUNTIF(Operational_RawData!$A:$A,"1_Operational"),"",INDEX(Operational_RawData!L:L,MATCH("1_Operational",Operational_RawData!$A:$A,0)+ROWS($2:43)-1)) -> 324 | M43: =IF(ROWS($2:43)>COUNTIF(Operational_RawData!$A:$A,"1_Operational"),"",INDEX(Operational_RawData!M:M,MATCH("1_Operational",Operational_RawData!$A:$A,0)+ROWS($2:43)-1)) -> 324 | N43: =IF(ROWS($2:43)>COUNTIF(Operational_RawData!$A:$A,"1_Operational"),"",INDEX(Operational_RawData!N:N,MATCH("1_Operational",Operational_RawData!$A:$A,0)+ROWS($2:43)-1)) -> 0.09 | O43: =IF(ROWS($2:43)>COUNTIF(Operational_RawData!$A:$A,"1_Operational"),"",INDEX(Operational_RawData!O:O,MATCH("1_Operational",Operational_RawData!$A:$A,0)+ROWS($2:43)-1)) -> 0.19 | P43: =IF(ROWS($2:43)>COUNTIF(Operational_RawData!$A:$A,"1_Operational"),"",INDEX(Operational_RawData!P:P,MATCH("1_Operational",Operational_RawData!$A:$A,0)+ROWS($2:43)-1)) -> 0.06 | Q43: =IF(ROWS($2:43)>COUNTIF(Operational_RawData!$A:$A,"1_Operational"),"",INDEX(Operational_RawData!Q:Q,MATCH("1_Operational",Operational_RawData!$A:$A,0)+ROWS($2:43)-1)) -> 0.1 | R43: =IF(ROWS($2:43)>COUNTIF(Operational_RawData!$A:$A,"1_Operational"),"",INDEX(Operational_RawData!R:R,MATCH("1_Operational",Operational_RawData!$A:$A,0)+ROWS($2:43)-1)) -> Pass | S43: =IF(ROWS($2:43)>COUNTIF(Operational_RawData!$A:$A,"1_Operational"),"",INDEX(Operational_RawData!S:S,MATCH("1_Operational",Operational_RawData!$A:$A,0)+ROWS($2:43)-1)) -> 0 | T43: =IF(ROWS($2:43)>COUNTIF(Operational_RawData!$A:$A,"1_Operational"),"",INDEX(Operational_RawData!T:T,MATCH("1_Operational",Operational_RawData!$A:$A,0)+ROWS($2:43)-1)) -> 0
A44: =IF(ROWS($2:44)>COUNTIF(Operational_RawData!$A:$A,"1_Operational"),"",INDEX(Operational_RawData!A:A,MATCH("1_Operational",Operational_RawData!$A:$A,0)+ROWS($2:44)-1)) -> 1_Operational | B44: =IF(ROWS($2:44)>COUNTIF(Operational_RawData!$A:$A,"1_Operational"),"",INDEX(Operational_RawData!B:B,MATCH("1_Operational",Operational_RawData!$A:$A,0)+ROWS($2:44)-1)) -> 144736.87 | C44: =IF(ROWS($2:44)>COUNTIF(Operational_RawData!$A:$A,"1_Operational"),"",INDEX(Operational_RawData!C:C,MATCH("1_Operational",Operational_RawData!$A:$A,0)+ROWS($2:44)-1)) -> 31.47 | D44: =IF(ROWS($2:44)>COUNTIF(Operational_RawData!$A:$A,"1_Operational"),"",INDEX(Operational_RawData!D:D,MATCH("1_Operational",Operational_RawData!$A:$A,0)+ROWS($2:44)-1)) -> 1309.82 | E44: =IF(ROWS($2:44)>COUNTIF(Operational_RawData!$A:$A,"1_Operational"),"",INDEX(Operational_RawData!E:E,MATCH("1_Operational",Operational_RawData!$A:$A,0)+ROWS($2:44)-1)) -> 3.25 | F44: =IF(ROWS($2:44)>COUNTIF(Operational_RawData!$A:$A,"1_Operational"),"",INDEX(Operational_RawData!F:F,MATCH("1_Operational",Operational_RawData!$A:$A,0)+ROWS($2:44)-1)) -> 224.28 | G44: =IF(ROWS($2:44)>COUNTIF(Operational_RawData!$A:$A,"1_Operational"),"",INDEX(Operational_RawData!G:G,MATCH("1_Operational",Operational_RawData!$A:$A,0)+ROWS($2:44)-1)) -> 224.28 | H44: =IF(ROWS($2:44)>COUNTIF(Operational_RawData!$A:$A,"1_Operational"),"",INDEX(Operational_RawData!H:H,MATCH("1_Operational",Operational_RawData!$A:$A,0)+ROWS($2:44)-1)) -> 224.28 | I44: =IF(ROWS($2:44)>COUNTIF(Operational_RawData!$A:$A,"1_Operational"),"",INDEX(Operational_RawData!I:I,MATCH("1_Operational",Operational_RawData!$A:$A,0)+ROWS($2:44)-1)) -> 224.28 | J44: =IF(ROWS($2:44)>COUNTIF(Operational_RawData!$A:$A,"1_Operational"),"",INDEX(Operational_RawData!J:J,MATCH("1_Operational",Operational_RawData!$A:$A,0)+ROWS($2:44)-1)) -> 324.8 | K44: =IF(ROWS($2:44)>COUNTIF(Operational_RawData!$A:$A,"1_Operational"),"",INDEX(Operational_RawData!K:K,MATCH("1_Operational",Operational_RawData!$A:$A,0)+ROWS($2:44)-1)) -> 324.8 | L44: =IF(ROWS($2:44)>COUNTIF(Operational_RawData!$A:$A,"1_Operational"),"",INDEX(Operational_RawData!L:L,MATCH("1_Operational",Operational_RawData!$A:$A,0)+ROWS($2:44)-1)) -> 324.8 | M44: =IF(ROWS($2:44)>COUNTIF(Operational_RawData!$A:$A,"1_Operational"),"",INDEX(Operational_RawData!M:M,MATCH("1_Operational",Operational_RawData!$A:$A,0)+ROWS($2:44)-1)) -> 324.8 | N44: =IF(ROWS($2:44)>COUNTIF(Operational_RawData!$A:$A,"1_Operational"),"",INDEX(Operational_RawData!N:N,MATCH("1_Operational",Operational_RawData!$A:$A,0)+ROWS($2:44)-1)) -> 0.1 | O44: =IF(ROWS($2:44)>COUNTIF(Operational_RawData!$A:$A,"1_Operational"),"",INDEX(Operational_RawData!O:O,MATCH("1_Operational",Operational_RawData!$A:$A,0)+ROWS($2:44)-1)) -> 0.19 | P44: =IF(ROWS($2:44)>COUNTIF(Operational_RawData!$A:$A,"1_Operational"),"",INDEX(Operational_RawData!P:P,MATCH("1_Operational",Operational_RawData!$A:$A,0)+ROWS($2:44)-1)) -> 0.06 | Q44: =IF(ROWS($2:44)>COUNTIF(Operational_RawData!$A:$A,"1_Operational"),"",INDEX(Operational_RawData!Q:Q,MATCH("1_Operational",Operational_RawData!$A:$A,0)+ROWS($2:44)-1)) -> 0.1 | R44: =IF(ROWS($2:44)>COUNTIF(Operational_RawData!$A:$A,"1_Operational"),"",INDEX(Operational_RawData!R:R,MATCH("1_Operational",Operational_RawData!$A:$A,0)+ROWS($2:44)-1)) -> Pass | S44: =IF(ROWS($2:44)>COUNTIF(Operational_RawData!$A:$A,"1_Operational"),"",INDEX(Operational_RawData!S:S,MATCH("1_Operational",Operational_RawData!$A:$A,0)+ROWS($2:44)-1)) -> 0 | T44: =IF(ROWS($2:44)>COUNTIF(Operational_RawData!$A:$A,"1_Operational"),"",INDEX(Operational_RawData!T:T,MATCH("1_Operational",Operational_RawData!$A:$A,0)+ROWS($2:44)-1)) -> 0
A45: =IF(ROWS($2:45)>COUNTIF(Operational_RawData!$A:$A,"1_Operational"),"",INDEX(Operational_RawData!A:A,MATCH("1_Operational",Operational_RawData!$A:$A,0)+ROWS($2:45)-1)) -> 1_Operational | B45: =IF(ROWS($2:45)>COUNTIF(Operational_RawData!$A:$A,"1_Operational"),"",INDEX(Operational_RawData!B:B,MATCH("1_Operational",Operational_RawData!$A:$A,0)+ROWS($2:45)-1)) -> 144741.87 | C45: =IF(ROWS($2:45)>COUNTIF(Operational_RawData!$A:$A,"1_Operational"),"",INDEX(Operational_RawData!C:C,MATCH("1_Operational",Operational_RawData!$A:$A,0)+ROWS($2:45)-1)) -> 32.22 | D45: =IF(ROWS($2:45)>COUNTIF(Operational_RawData!$A:$A,"1_Operational"),"",INDEX(Operational_RawData!D:D,MATCH("1_Operational",Operational_RawData!$A:$A,0)+ROWS($2:45)-1)) -> 1309.889 | E45: =IF(ROWS($2:45)>COUNTIF(Operational_RawData!$A:$A,"1_Operational"),"",INDEX(Operational_RawData!E:E,MATCH("1_Operational",Operational_RawData!$A:$A,0)+ROWS($2:45)-1)) -> 3.22 | F45: =IF(ROWS($2:45)>COUNTIF(Operational_RawData!$A:$A,"1_Operational"),"",INDEX(Operational_RawData!F:F,MATCH("1_Operational",Operational_RawData!$A:$A,0)+ROWS($2:45)-1)) -> 224.84 | G45: =IF(ROWS($2:45)>COUNTIF(Operational_RawData!$A:$A,"1_Operational"),"",INDEX(Operational_RawData!G:G,MATCH("1_Operational",Operational_RawData!$A:$A,0)+ROWS($2:45)-1)) -> 224.84 | H45: =IF(ROWS($2:45)>COUNTIF(Operational_RawData!$A:$A,"1_Operational"),"",INDEX(Operational_RawData!H:H,MATCH("1_Operational",Operational_RawData!$A:$A,0)+ROWS($2:45)-1)) -> 224.84 | I45: =IF(ROWS($2:45)>COUNTIF(Operational_RawData!$A:$A,"1_Operational"),"",INDEX(Operational_RawData!I:I,MATCH("1_Operational",Operational_RawData!$A:$A,0)+ROWS($2:45)-1)) -> 224.84 | J45: =IF(ROWS($2:45)>COUNTIF(Operational_RawData!$A:$A,"1_Operational"),"",INDEX(Operational_RawData!J:J,MATCH("1_Operational",Operational_RawData!$A:$A,0)+ROWS($2:45)-1)) -> 325.72 | K45: =IF(ROWS($2:45)>COUNTIF(Operational_RawData!$A:$A,"1_Operational"),"",INDEX(Operational_RawData!K:K,MATCH("1_Operational",Operational_RawData!$A:$A,0)+ROWS($2:45)-1)) -> 325.72 | L45: =IF(ROWS($2:45)>COUNTIF(Operational_RawData!$A:$A,"1_Operational"),"",INDEX(Operational_RawData!L:L,MATCH("1_Operational",Operational_RawData!$A:$A,0)+ROWS($2:45)-1)) -> 325.72 | M45: =IF(ROWS($2:45)>COUNTIF(Operational_RawData!$A:$A,"1_Operational"),"",INDEX(Operational_RawData!M:M,MATCH("1_Operational",Operational_RawData!$A:$A,0)+ROWS($2:45)-1)) -> 325.72 | N45: =IF(ROWS($2:45)>COUNTIF(Operational_RawData!$A:$A,"1_Operational"),"",INDEX(Operational_RawData!N:N,MATCH("1_Operational",Operational_RawData!$A:$A,0)+ROWS($2:45)-1)) -> 0.09 | O45: =IF(ROWS($2:45)>COUNTIF(Operational_RawData!$A:$A,"1_Operational"),"",INDEX(Operational_RawData!O:O,MATCH("1_Operational",Operational_RawData!$A:$A,0)+ROWS($2:45)-1)) -> 0.19 | P45: =IF(ROWS($2:45)>COUNTIF(Operational_RawData!$A:$A,"1_Operational"),"",INDEX(Operational_RawData!P:P,MATCH("1_Operational",Operational_RawData!$A:$A,0)+ROWS($2:45)-1)) -> 0.06 | Q45: =IF(ROWS($2:45)>COUNTIF(Operational_RawData!$A:$A,"1_Operational"),"",INDEX(Operational_RawData!Q:Q,MATCH("1_Operational",Operational_RawData!$A:$A,0)+ROWS($2:45)-1)) -> 0.1 | R45: =IF(ROWS($2:45)>COUNTIF(Operational_RawData!$A:$A,"1_Operational"),"",INDEX(Operational_RawData!R:R,MATCH("1_Operational",Operational_RawData!$A:$A,0)+ROWS($2:45)-1)) -> Pass | S45: =IF(ROWS($2:45)>COUNTIF(Operational_RawData!$A:$A,"1_Operational"),"",INDEX(Operational_RawData!S:S,MATCH("1_Operational",Operational_RawData!$A:$A,0)+ROWS($2:45)-1)) -> 0 | T45: =IF(ROWS($2:45)>COUNTIF(Operational_RawData!$A:$A,"1_Operational"),"",INDEX(Operational_RawData!T:T,MATCH("1_Operational",Operational_RawData!$A:$A,0)+ROWS($2:45)-1)) -> 0
A46: =IF(ROWS($2:46)>COUNTIF(Operational_RawData!$A:$A,"1_Operational"),"",INDEX(Operational_RawData!A:A,MATCH("1_Operational",Operational_RawData!$A:$A,0)+ROWS($2:46)-1)) -> 1_Operational | B46: =IF(ROWS($2:46)>COUNTIF(Operational_RawData!$A:$A,"1_Operational"),"",INDEX(Operational_RawData!B:B,MATCH("1_Operational",Operational_RawData!$A:$A,0)+ROWS($2:46)-1)) -> 144746.87 | C46: =IF(ROWS($2:46)>COUNTIF(Operational_RawData!$A:$A,"1_Operational"),"",INDEX(Operational_RawData!C:C,MATCH("1_Operational",Operational_RawData!$A:$A,0)+ROWS($2:46)-1)) -> 32.98 | D46: =IF(ROWS($2:46)>COUNTIF(Operational_RawData!$A:$A,"1_Operational"),"",INDEX(Operational_RawData!D:D,MATCH("1_Operational",Operational_RawData!$A:$A,0)+ROWS($2:46)-1)) -> 1309.96 | E46: =IF(ROWS($2:46)>COUNTIF(Operational_RawData!$A:$A,"1_Operational"),"",INDEX(Operational_RawData!E:E,MATCH("1_Operational",Operational_RawData!$A:$A,0)+ROWS($2:46)-1)) -> 3.24 | F46: =IF(ROWS($2:46)>COUNTIF(Operational_RawData!$A:$A,"1_Operational"),"",INDEX(Operational_RawData!F:F,MATCH("1_Operational",Operational_RawData!$A:$A,0)+ROWS($2:46)-1)) -> 225.32 | G46: =IF(ROWS($2:46)>COUNTIF(Operational_RawData!$A:$A,"1_Operational"),"",INDEX(Operational_RawData!G:G,MATCH("1_Operational",Operational_RawData!$A:$A,0)+ROWS($2:46)-1)) -> 225.32 | H46: =IF(ROWS($2:46)>COUNTIF(Operational_RawData!$A:$A,"1_Operational"),"",INDEX(Operational_RawData!H:H,MATCH("1_Operational",Operational_RawData!$A:$A,0)+ROWS($2:46)-1)) -> 225.32 | I46: =IF(ROWS($2:46)>COUNTIF(Operational_RawData!$A:$A,"1_Operational"),"",INDEX(Operational_RawData!I:I,MATCH("1_Operational",Operational_RawData!$A:$A,0)+ROWS($2:46)-1)) -> 225.32 | J46: =IF(ROWS($2:46)>COUNTIF(Operational_RawData!$A:$A,"1_Operational"),"",INDEX(Operational_RawData!J:J,MATCH("1_Operational",Operational_RawData!$A:$A,0)+ROWS($2:46)-1)) -> 326.76 | K46: =IF(ROWS($2:46)>COUNTIF(Operational_RawData!$A:$A,"1_Operational"),"",INDEX(Operational_RawData!K:K,MATCH("1_Operational",Operational_RawData!$A:$A,0)+ROWS($2:46)-1)) -> 326.76 | L46: =IF(ROWS($2:46)>COUNTIF(Operational_RawData!$A:$A,"1_Operational"),"",INDEX(Operational_RawData!L:L,MATCH("1_Operational",Operational_RawData!$A:$A,0)+ROWS($2:46)-1)) -> 326.76 | M46: =IF(ROWS($2:46)>COUNTIF(Operational_RawData!$A:$A,"1_Operational"),"",INDEX(Operational_RawData!M:M,MATCH("1_Operational",Operational_RawData!$A:$A,0)+ROWS($2:46)-1)) -> 326.76 | N46: =IF(ROWS($2:46)>COUNTIF(Operational_RawData!$A:$A,"1_Operational"),"",INDEX(Operational_RawData!N:N,MATCH("1_Operational",Operational_RawData!$A:$A,0)+ROWS($2:46)-1)) -> 0.09 | O46: =IF(ROWS($2:46)>COUNTIF(Operational_RawData!$A:$A,"1_Operational"),"",INDEX(Operational_RawData!O:O,MATCH("1_Operational",Operational_RawData!$A:$A,0)+ROWS($2:46)-1)) -> 0.19 | P46: =IF(ROWS($2:46)>COUNTIF(Operational_RawData!$A:$A,"1_Operational"),"",INDEX(Operational_RawData!P:P,MATCH("1_Operational",Operational_RawData!$A:$A,0)+ROWS($2:46)-1)) -> 0.06 | Q46: =IF(ROWS($2:46)>COUNTIF(Operational_RawData!$A:$A,"1_Operational"),"",INDEX(Operational_RawData!Q:Q,MATCH("1_Operational",Operational_RawData!$A:$A,0)+ROWS($2:46)-1)) -> 0.1 | R46: =IF(ROWS($2:46)>COUNTIF(Operational_RawData!$A:$A,"1_Operational"),"",INDEX(Operational_RawData!R:R,MATCH("1_Operational",Operational_RawData!$A:$A,0)+ROWS($2:46)-1)) -> Pass | S46: =IF(ROWS($2:46)>COUNTIF(Operational_RawData!$A:$A,"1_Operational"),"",INDEX(Operational_RawData!S:S,MATCH("1_Operational",Operational_RawData!$A:$A,0)+ROWS($2:46)-1)) -> 0 | T46: =IF(ROWS($2:46)>COUNTIF(Operational_RawData!$A:$A,"1_Operational"),"",INDEX(Operational_RawData!T:T,MATCH("1_Operational",Operational_RawData!$A:$A,0)+ROWS($2:46)-1)) -> 0
A47: =IF(ROWS($2:47)>COUNTIF(Operational_RawData!$A:$A,"1_Operational"),"",INDEX(Operational_RawData!A:A,MATCH("1_Operational",Operational_RawData!$A:$A,0)+ROWS($2:47)-1)) -> 1_Operational | B47: =IF(ROWS($2:47)>COUNTIF(Operational_RawData!$A:$A,"1_Operational"),"",INDEX(Operational_RawData!B:B,MATCH("1_Operational",Operational_RawData!$A:$A,0)+ROWS($2:47)-1)) -> 144751.87 | C47: =IF(ROWS($2:47)>COUNTIF(Operational_RawData!$A:$A,"1_Operational"),"",INDEX(Operational_RawData!C:C,MATCH("1_Operational",Operational_RawData!$A:$A,0)+ROWS($2:47)-1)) -> 33.73 | D47: =IF(ROWS($2:47)>COUNTIF(Operational_RawData!$A:$A,"1_Operational"),"",INDEX(Operational_RawData!D:D,MATCH("1_Operational",Operational_RawData!$A:$A,0)+ROWS($2:47)-1)) -> 1310.024 | E47: =IF(ROWS($2:47)>COUNTIF(Operational_RawData!$A:$A,"1_Operational"),"",INDEX(Operational_RawData!E:E,MATCH("1_Operational",Operational_RawData!$A:$A,0)+ROWS($2:47)-1)) -> 3.16 | F47: =IF(ROWS($2:47)>COUNTIF(Operational_RawData!$A:$A,"1_Operational"),"",INDEX(Operational_RawData!F:F,MATCH("1_Operational",Operational_RawData!$A:$A,0)+ROWS($2:47)-1)) -> 225.92 | G47: =IF(ROWS($2:47)>COUNTIF(Operational_RawData!$A:$A,"1_Operational"),"",INDEX(Operational_RawData!G:G,MATCH("1_Operational",Operational_RawData!$A:$A,0)+ROWS($2:47)-1)) -> 225.92 | H47: =IF(ROWS($2:47)>COUNTIF(Operational_RawData!$A:$A,"1_Operational"),"",INDEX(Operational_RawData!H:H,MATCH("1_Operational",Operational_RawData!$A:$A,0)+ROWS($2:47)-1)) -> 225.92 | I47: =IF(ROWS($2:47)>COUNTIF(Operational_RawData!$A:$A,"1_Operational"),"",INDEX(Operational_RawData!I:I,MATCH("1_Operational",Operational_RawData!$A:$A,0)+ROWS($2:47)-1)) -> 225.92 | J47: =IF(ROWS($2:47)>COUNTIF(Operational_RawData!$A:$A,"1_Operational"),"",INDEX(Operational_RawData!J:J,MATCH("1_Operational",Operational_RawData!$A:$A,0)+ROWS($2:47)-1)) -> 327.84 | K47: =IF(ROWS($2:47)>COUNTIF(Operational_RawData!$A:$A,"1_Operational"),"",INDEX(Operational_RawData!K:K,MATCH("1_Operational",Operational_RawData!$A:$A,0)+ROWS($2:47)-1)) -> 327.84 | L47: =IF(ROWS($2:47)>COUNTIF(Operational_RawData!$A:$A,"1_Operational"),"",INDEX(Operational_RawData!L:L,MATCH("1_Operational",Operational_RawData!$A:$A,0)+ROWS($2:47)-1)) -> 327.84 | M47: =IF(ROWS($2:47)>COUNTIF(Operational_RawData!$A:$A,"1_Operational"),"",INDEX(Operational_RawData!M:M,MATCH("1_Operational",Operational_RawData!$A:$A,0)+ROWS($2:47)-1)) -> 327.84 | N47: =IF(ROWS($2:47)>COUNTIF(Operational_RawData!$A:$A,"1_Operational"),"",INDEX(Operational_RawData!N:N,MATCH("1_Operational",Operational_RawData!$A:$A,0)+ROWS($2:47)-1)) -> 0.09 | O47: =IF(ROWS($2:47)>COUNTIF(Operational_RawData!$A:$A,"1_Operational"),"",INDEX(Operational_RawData!O:O,MATCH("1_Operational",Operational_RawData!$A:$A,0)+ROWS($2:47)-1)) -> 0.19 | P47: =IF(ROWS($2:47)>COUNTIF(Operational_RawData!$A:$A,"1_Operational"),"",INDEX(Operational_RawData!P:P,MATCH("1_Operational",Operational_RawData!$A:$A,0)+ROWS($2:47)-1)) -> 0.06 | Q47: =IF(ROWS($2:47)>COUNTIF(Operational_RawData!$A:$A,"1_Operational"),"",INDEX(Operational_RawData!Q:Q,MATCH("1_Operational",Operational_RawData!$A:$A,0)+ROWS($2:47)-1)) -> 0.1 | R47: =IF(ROWS($2:47)>COUNTIF(Operational_RawData!$A:$A,"1_Operational"),"",INDEX(Operational_RawData!R:R,MATCH("1_Operational",Operational_RawData!$A:$A,0)+ROWS($2:47)-1)) -> Pass | S47: =IF(ROWS($2:47)>COUNTIF(Operational_RawData!$A:$A,"1_Operational"),"",INDEX(Operational_RawData!S:S,MATCH("1_Operational",Operational_RawData!$A:$A,0)+ROWS($2:47)-1)) -> 0 | T47: =IF(ROWS($2:47)>COUNTIF(Operational_RawData!$A:$A,"1_Operational"),"",INDEX(Operational_RawData!T:T,MATCH("1_Operational",Operational_RawData!$A:$A,0)+ROWS($2:47)-1)) -> 0
A48: =IF(ROWS($2:48)>COUNTIF(Operational_RawData!$A:$A,"1_Operational"),"",INDEX(Operational_RawData!A:A,MATCH("1_Operational",Operational_RawData!$A:$A,0)+ROWS($2:48)-1)) -> 1_Operational | B48: =IF(ROWS($2:48)>COUNTIF(Operational_RawData!$A:$A,"1_Operational"),"",INDEX(Operational_RawData!B:B,MATCH("1_Operational",Operational_RawData!$A:$A,0)+ROWS($2:48)-1)) -> 144756.88 | C48: =IF(ROWS($2:48)>COUNTIF(Operational_RawData!$A:$A,"1_Operational"),"",INDEX(Operational_RawData!C:C,MATCH("1_Operational",Operational_RawData!$A:$A,0)+ROWS($2:48)-1)) -> 34.49 | D48: =IF(ROWS($2:48)>COUNTIF(Operational_RawData!$A:$A,"1_Operational"),"",INDEX(Operational_RawData!D:D,MATCH("1_Operational",Operational_RawData!$A:$A,0)+ROWS($2:48)-1)) -> 1310.095 | E48: =IF(ROWS($2:48)>COUNTIF(Operational_RawData!$A:$A,"1_Operational"),"",INDEX(Operational_RawData!E:E,MATCH("1_Operational",Operational_RawData!$A:$A,0)+ROWS($2:48)-1)) -> 3.06 | F48: =IF(ROWS($2:48)>COUNTIF(Operational_RawData!$A:$A,"1_Operational"),"",INDEX(Operational_RawData!F:F,MATCH("1_Operational",Operational_RawData!$A:$A,0)+ROWS($2:48)-1)) -> 226.48 | G48: =IF(ROWS($2:48)>COUNTIF(Operational_RawData!$A:$A,"1_Operational"),"",INDEX(Operational_RawData!G:G,MATCH("1_Operational",Operational_RawData!$A:$A,0)+ROWS($2:48)-1)) -> 226.48 | H48: =IF(ROWS($2:48)>COUNTIF(Operational_RawData!$A:$A,"1_Operational"),"",INDEX(Operational_RawData!H:H,MATCH("1_Operational",Operational_RawData!$A:$A,0)+ROWS($2:48)-1)) -> 226.48 | I48: =IF(ROWS($2:48)>COUNTIF(Operational_RawData!$A:$A,"1_Operational"),"",INDEX(Operational_RawData!I:I,MATCH("1_Operational",Operational_RawData!$A:$A,0)+ROWS($2:48)-1)) -> 226.48 | J48: =IF(ROWS($2:48)>COUNTIF(Operational_RawData!$A:$A,"1_Operational"),"",INDEX(Operational_RawData!J:J,MATCH("1_Operational",Operational_RawData!$A:$A,0)+ROWS($2:48)-1)) -> 329.2 | K48: =IF(ROWS($2:48)>COUNTIF(Operational_RawData!$A:$A,"1_Operational"),"",INDEX(Operational_RawData!K:K,MATCH("1_Operational",Operational_RawData!$A:$A,0)+ROWS($2:48)-1)) -> 329.2 | L48: =IF(ROWS($2:48)>COUNTIF(Operational_RawData!$A:$A,"1_Operational"),"",INDEX(Operational_RawData!L:L,MATCH("1_Operational",Operational_RawData!$A:$A,0)+ROWS($2:48)-1)) -> 329.2 | M48: =IF(ROWS($2:48)>COUNTIF(Operational_RawData!$A:$A,"1_Operational"),"",INDEX(Operational_RawData!M:M,MATCH("1_Operational",Operational_RawData!$A:$A,0)+ROWS($2:48)-1)) -> 329.2 | N48: =IF(ROWS($2:48)>COUNTIF(Operational_RawData!$A:$A,"1_Operational"),"",INDEX(Operational_RawData!N:N,MATCH("1_Operational",Operational_RawData!$A:$A,0)+ROWS($2:48)-1)) -> 0.09 | O48: =IF(ROWS($2:48)>COUNTIF(Operational_RawData!$A:$A,"1_Operational"),"",INDEX(Operational_RawData!O:O,MATCH("1_Operational",Operational_RawData!$A:$A,0)+ROWS($2:48)-1)) -> 0.19 | P48: =IF(ROWS($2:48)>COUNTIF(Operational_RawData!$A:$A,"1_Operational"),"",INDEX(Operational_RawData!P:P,MATCH("1_Operational",Operational_RawData!$A:$A,0)+ROWS($2:48)-1)) -> 0.06 | Q48: =IF(ROWS($2:48)>COUNTIF(Operational_RawData!$A:$A,"1_Operational"),"",INDEX(Operational_RawData!Q:Q,MATCH("1_Operational",Operational_RawData!$A:$A,0)+ROWS($2:48)-1)) -> 0.1 | R48: =IF(ROWS($2:48)>COUNTIF(Operational_RawData!$A:$A,"1_Operational"),"",INDEX(Operational_RawData!R:R,MATCH("1_Operational",Operational_RawData!$A:$A,0)+ROWS($2:48)-1)) -> Pass | S48: =IF(ROWS($2:48)>COUNTIF(Operational_RawData!$A:$A,"1_Operational"),"",INDEX(Operational_RawData!S:S,MATCH("1_Operational",Operational_RawData!$A:$A,0)+ROWS($2:48)-1)) -> 0 | T48: =IF(ROWS($2:48)>COUNTIF(Operational_RawData!$A:$A,"1_Operational"),"",INDEX(Operational_RawData!T:T,MATCH("1_Operational",Operational_RawData!$A:$A,0)+ROWS($2:48)-1)) -> 0
A49: =IF(ROWS($2:49)>COUNTIF(Operational_RawData!$A:$A,"1_Operational"),"",INDEX(Operational_RawData!A:A,MATCH("1_Operational",Operational_RawData!$A:$A,0)+ROWS($2:49)-1)) -> 1_Operational | B49: =IF(ROWS($2:49)>COUNTIF(Operational_RawData!$A:$A,"1_Operational"),"",INDEX(Operational_RawData!B:B,MATCH("1_Operational",Operational_RawData!$A:$A,0)+ROWS($2:49)-1)) -> 144801.87 | C49: =IF(ROWS($2:49)>COUNTIF(Operational_RawData!$A:$A,"1_Operational"),"",INDEX(Operational_RawData!C:C,MATCH("1_Operational",Operational_RawData!$A:$A,0)+ROWS($2:49)-1)) -> 35.22 | D49: =IF(ROWS($2:49)>COUNTIF(Operational_RawData!$A:$A,"1_Operational"),"",INDEX(Operational_RawData!D:D,MATCH("1_Operational",Operational_RawData!$A:$A,0)+ROWS($2:49)-1)) -> 1310.172 | E49: =IF(ROWS($2:49)>COUNTIF(Operational_RawData!$A:$A,"1_Operational"),"",INDEX(Operational_RawData!E:E,MATCH("1_Operational",Operational_RawData!$A:$A,0)+ROWS($2:49)-1)) -> 3.03 | F49: =IF(ROWS($2:49)>COUNTIF(Operational_RawData!$A:$A,"1_Operational"),"",INDEX(Operational_RawData!F:F,MATCH("1_Operational",Operational_RawData!$A:$A,0)+ROWS($2:49)-1)) -> 227.32 | G49: =IF(ROWS($2:49)>COUNTIF(Operational_RawData!$A:$A,"1_Operational"),"",INDEX(Operational_RawData!G:G,MATCH("1_Operational",Operational_RawData!$A:$A,0)+ROWS($2:49)-1)) -> 227.32 | H49: =IF(ROWS($2:49)>COUNTIF(Operational_RawData!$A:$A,"1_Operational"),"",INDEX(Operational_RawData!H:H,MATCH("1_Operational",Operational_RawData!$A:$A,0)+ROWS($2:49)-1)) -> 227.32 | I49: =IF(ROWS($2:49)>COUNTIF(Operational_RawData!$A:$A,"1_Operational"),"",INDEX(Operational_RawData!I:I,MATCH("1_Operational",Operational_RawData!$A:$A,0)+ROWS($2:49)-1)) -> 227.32 | J49: =IF(ROWS($2:49)>COUNTIF(Operational_RawData!$A:$A,"1_Operational"),"",INDEX(Operational_RawData!J:J,MATCH("1_Operational",Operational_RawData!$A:$A,0)+ROWS($2:49)-1)) -> 330.6 | K49: =IF(ROWS($2:49)>COUNTIF(Operational_RawData!$A:$A,"1_Operational"),"",INDEX(Operational_RawData!K:K,MATCH("1_Operational",Operational_RawData!$A:$A,0)+ROWS($2:49)-1)) -> 330.6 | L49: =IF(ROWS($2:49)>COUNTIF(Operational_RawData!$A:$A,"1_Operational"),"",INDEX(Operational_RawData!L:L,MATCH("1_Operational",Operational_RawData!$A:$A,0)+ROWS($2:49)-1)) -> 330.6 | M49: =IF(ROWS($2:49)>COUNTIF(Operational_RawData!$A:$A,"1_Operational"),"",INDEX(Operational_RawData!M:M,MATCH("1_Operational",Operational_RawData!$A:$A,0)+ROWS($2:49)-1)) -> 330.6 | N49: =IF(ROWS($2:49)>COUNTIF(Operational_RawData!$A:$A,"1_Operational"),"",INDEX(Operational_RawData!N:N,MATCH("1_Operational",Operational_RawData!$A:$A,0)+ROWS($2:49)-1)) -> 0.11 | O49: =IF(ROWS($2:49)>COUNTIF(Operational_RawData!$A:$A,"1_Operational"),"",INDEX(Operational_RawData!O:O,MATCH("1_Operational",Operational_RawData!$A:$A,0)+ROWS($2:49)-1)) -> 0.19 | P49: =IF(ROWS($2:49)>COUNTIF(Operational_RawData!$A:$A,"1_Operational"),"",INDEX(Operational_RawData!P:P,MATCH("1_Operational",Operational_RawData!$A:$A,0)+ROWS($2:49)-1)) -> 0.06 | Q49: =IF(ROWS($2:49)>COUNTIF(Operational_RawData!$A:$A,"1_Operational"),"",INDEX(Operational_RawData!Q:Q,MATCH("1_Operational",Operational_RawData!$A:$A,0)+ROWS($2:49)-1)) -> 0.1 | R49: =IF(ROWS($2:49)>COUNTIF(Operational_RawData!$A:$A,"1_Operational"),"",INDEX(Operational_RawData!R:R,MATCH("1_Operational",Operational_RawData!$A:$A,0)+ROWS($2:49)-1)) -> Pass | S49: =IF(ROWS($2:49)>COUNTIF(Operational_RawData!$A:$A,"1_Operational"),"",INDEX(Operational_RawData!S:S,MATCH("1_Operational",Operational_RawData!$A:$A,0)+ROWS($2:49)-1)) -> 0 | T49: =IF(ROWS($2:49)>COUNTIF(Operational_RawData!$A:$A,"1_Operational"),"",INDEX(Operational_RawData!T:T,MATCH("1_Operational",Operational_RawData!$A:$A,0)+ROWS($2:49)-1)) -> 0
A50: =IF(ROWS($2:50)>COUNTIF(Operational_RawData!$A:$A,"1_Operational"),"",INDEX(Operational_RawData!A:A,MATCH("1_Operational",Operational_RawData!$A:$A,0)+ROWS($2:50)-1)) -> 1_Operational | B50: =IF(ROWS($2:50)>COUNTIF(Operational_RawData!$A:$A,"1_Operational"),"",INDEX(Operational_RawData!B:B,MATCH("1_Operational",Operational_RawData!$A:$A,0)+ROWS($2:50)-1)) -> 144806.88 | C50: =IF(ROWS($2:50)>COUNTIF(Operational_RawData!$A:$A,"1_Operational"),"",INDEX(Operational_RawData!C:C,MATCH("1_Operational",Operational_RawData!$A:$A,0)+ROWS($2:50)-1)) -> 35.97 | D50: =IF(ROWS($2:50)>COUNTIF(Operational_RawData!$A:$A,"1_Operational"),"",INDEX(Operational_RawData!D:D,MATCH("1_Operational",Operational_RawData!$A:$A,0)+ROWS($2:50)-1)) -> 1310.242 | E50: =IF(ROWS($2:50)>COUNTIF(Operational_RawData!$A:$A,"1_Operational"),"",INDEX(Operational_RawData!E:E,MATCH("1_Operational",Operational_RawData!$A:$A,0)+ROWS($2:50)-1)) -> 3 | F50: =IF(ROWS($2:50)>COUNTIF(Operational_RawData!$A:$A,"1_Operational"),"",INDEX(Operational_RawData!F:F,MATCH("1_Operational",Operational_RawData!$A:$A,0)+ROWS($2:50)-1)) -> 228.12 | G50: =IF(ROWS($2:50)>COUNTIF(Operational_RawData!$A:$A,"1_Operational"),"",INDEX(Operational_RawData!G:G,MATCH("1_Operational",Operational_RawData!$A:$A,0)+ROWS($2:50)-1)) -> 228.12 | H50: =IF(ROWS($2:50)>COUNTIF(Operational_RawData!$A:$A,"1_Operational"),"",INDEX(Operational_RawData!H:H,MATCH("1_Operational",Operational_RawData!$A:$A,0)+ROWS($2:50)-1)) -> 228.12 | I50: =IF(ROWS($2:50)>COUNTIF(Operational_RawData!$A:$A,"1_Operational"),"",INDEX(Operational_RawData!I:I,MATCH("1_Operational",Operational_RawData!$A:$A,0)+ROWS($2:50)-1)) -> 228.12 | J50: =IF(ROWS($2:50)>COUNTIF(Operational_RawData!$A:$A,"1_Operational"),"",INDEX(Operational_RawData!J:J,MATCH("1_Operational",Operational_RawData!$A:$A,0)+ROWS($2:50)-1)) -> 332.24 | K50: =IF(ROWS($2:50)>COUNTIF(Operational_RawData!$A:$A,"1_Operational"),"",INDEX(Operational_RawData!K:K,MATCH("1_Operational",Operational_RawData!$A:$A,0)+ROWS($2:50)-1)) -> 332.24 | L50: =IF(ROWS($2:50)>COUNTIF(Operational_RawData!$A:$A,"1_Operational"),"",INDEX(Operational_RawData!L:L,MATCH("1_Operational",Operational_RawData!$A:$A,0)+ROWS($2:50)-1)) -> 332.24 | M50: =IF(ROWS($2:50)>COUNTIF(Operational_RawData!$A:$A,"1_Operational"),"",INDEX(Operational_RawData!M:M,MATCH("1_Operational",Operational_RawData!$A:$A,0)+ROWS($2:50)-1)) -> 332.24 | N50: =IF(ROWS($2:50)>COUNTIF(Operational_RawData!$A:$A,"1_Operational"),"",INDEX(Operational_RawData!N:N,MATCH("1_Operational",Operational_RawData!$A:$A,0)+ROWS($2:50)-1)) -> 0.09 | O50: =IF(ROWS($2:50)>COUNTIF(Operational_RawData!$A:$A,"1_Operational"),"",INDEX(Operational_RawData!O:O,MATCH("1_Operational",Operational_RawData!$A:$A,0)+ROWS($2:50)-1)) -> 0.19 | P50: =IF(ROWS($2:50)>COUNTIF(Operational_RawData!$A:$A,"1_Operational"),"",INDEX(Operational_RawData!P:P,MATCH("1_Operational",Operational_RawData!$A:$A,0)+ROWS($2:50)-1)) -> 0.06 | Q50: =IF(ROWS($2:50)>COUNTIF(Operational_RawData!$A:$A,"1_Operational"),"",INDEX(Operational_RawData!Q:Q,MATCH("1_Operational",Operational_RawData!$A:$A,0)+ROWS($2:50)-1)) -> 0.1 | R50: =IF(ROWS($2:50)>COUNTIF(Operational_RawData!$A:$A,"1_Operational"),"",INDEX(Operational_RawData!R:R,MATCH("1_Operational",Operational_RawData!$A:$A,0)+ROWS($2:50)-1)) -> Pass | S50: =IF(ROWS($2:50)>COUNTIF(Operational_RawData!$A:$A,"1_Operational"),"",INDEX(Operational_RawData!S:S,MATCH("1_Operational",Operational_RawData!$A:$A,0)+ROWS($2:50)-1)) -> 0 | T50: =IF(ROWS($2:50)>COUNTIF(Operational_RawData!$A:$A,"1_Operational"),"",INDEX(Operational_RawData!T:T,MATCH("1_Operational",Operational_RawData!$A:$A,0)+ROWS($2:50)-1)) -> 0
A51: =IF(ROWS($2:51)>COUNTIF(Operational_RawData!$A:$A,"1_Operational"),"",INDEX(Operational_RawData!A:A,MATCH("1_Operational",Operational_RawData!$A:$A,0)+ROWS($2:51)-1)) -> 1_Operational | B51: =IF(ROWS($2:51)>COUNTIF(Operational_RawData!$A:$A,"1_Operational"),"",INDEX(Operational_RawData!B:B,MATCH("1_Operational",Operational_RawData!$A:$A,0)+ROWS($2:51)-1)) -> 144811.87 | C51: =IF(ROWS($2:51)>COUNTIF(Operational_RawData!$A:$A,"1_Operational"),"",INDEX(Operational_RawData!C:C,MATCH("1_Operational",Operational_RawData!$A:$A,0)+ROWS($2:51)-1)) -> 36.7 | D51: =IF(ROWS($2:51)>COUNTIF(Operational_RawData!$A:$A,"1_Operational"),"",INDEX(Operational_RawData!D:D,MATCH("1_Operational",Operational_RawData!$A:$A,0)+ROWS($2:51)-1)) -> 1310.313 | E51: =IF(ROWS($2:51)>COUNTIF(Operational_RawData!$A:$A,"1_Operational"),"",INDEX(Operational_RawData!E:E,MATCH("1_Operational",Operational_RawData!$A:$A,0)+ROWS($2:51)-1)) -> 3.01 | F51: =IF(ROWS($2:51)>COUNTIF(Operational_RawData!$A:$A,"1_Operational"),"",INDEX(Operational_RawData!F:F,MATCH("1_Operational",Operational_RawData!$A:$A,0)+ROWS($2:51)-1)) -> 229 | G51: =IF(ROWS($2:51)>COUNTIF(Operational_RawData!$A:$A,"1_Operational"),"",INDEX(Operational_RawData!G:G,MATCH("1_Operational",Operational_RawData!$A:$A,0)+ROWS($2:51)-1)) -> 229 | H51: =IF(ROWS($2:51)>COUNTIF(Operational_RawData!$A:$A,"1_Operational"),"",INDEX(Operational_RawData!H:H,MATCH("1_Operational",Operational_RawData!$A:$A,0)+ROWS($2:51)-1)) -> 229 | I51: =IF(ROWS($2:51)>COUNTIF(Operational_RawData!$A:$A,"1_Operational"),"",INDEX(Operational_RawData!I:I,MATCH("1_Operational",Operational_RawData!$A:$A,0)+ROWS($2:51)-1)) -> 229 | J51: =IF(ROWS($2:51)>COUNTIF(Operational_RawData!$A:$A,"1_Operational"),"",INDEX(Operational_RawData!J:J,MATCH("1_Operational",Operational_RawData!$A:$A,0)+ROWS($2:51)-1)) -> 333.8 | K51: =IF(ROWS($2:51)>COUNTIF(Operational_RawData!$A:$A,"1_Operational"),"",INDEX(Operational_RawData!K:K,MATCH("1_Operational",Operational_RawData!$A:$A,0)+ROWS($2:51)-1)) -> 333.8 | L51: =IF(ROWS($2:51)>COUNTIF(Operational_RawData!$A:$A,"1_Operational"),"",INDEX(Operational_RawData!L:L,MATCH("1_Operational",Operational_RawData!$A:$A,0)+ROWS($2:51)-1)) -> 333.8 | M51: =IF(ROWS($2:51)>COUNTIF(Operational_RawData!$A:$A,"1_Operational"),"",INDEX(Operational_RawData!M:M,MATCH("1_Operational",Operational_RawData!$A:$A,0)+ROWS($2:51)-1)) -> 333.8 | N51: =IF(ROWS($2:51)>COUNTIF(Operational_RawData!$A:$A,"1_Operational"),"",INDEX(Operational_RawData!N:N,MATCH("1_Operational",Operational_RawData!$A:$A,0)+ROWS($2:51)-1)) -> 0.1 | O51: =IF(ROWS($2:51)>COUNTIF(Operational_RawData!$A:$A,"1_Operational"),"",INDEX(Operational_RawData!O:O,MATCH("1_Operational",Operational_RawData!$A:$A,0)+ROWS($2:51)-1)) -> 0.19 | P51: =IF(ROWS($2:51)>COUNTIF(Operational_RawData!$A:$A,"1_Operational"),"",INDEX(Operational_RawData!P:P,MATCH("1_Operational",Operational_RawData!$A:$A,0)+ROWS($2:51)-1)) -> 0.06 | Q51: =IF(ROWS($2:51)>COUNTIF(Operational_RawData!$A:$A,"1_Operational"),"",INDEX(Operational_RawData!Q:Q,MATCH("1_Operational",Operational_RawData!$A:$A,0)+ROWS($2:51)-1)) -> 0.1 | R51: =IF(ROWS($2:51)>COUNTIF(Operational_RawData!$A:$A,"1_Operational"),"",INDEX(Operational_RawData!R:R,MATCH("1_Operational",Operational_RawData!$A:$A,0)+ROWS($2:51)-1)) -> Pass | S51: =IF(ROWS($2:51)>COUNTIF(Operational_RawData!$A:$A,"1_Operational"),"",INDEX(Operational_RawData!S:S,MATCH("1_Operational",Operational_RawData!$A:$A,0)+ROWS($2:51)-1)) -> 0 | T51: =IF(ROWS($2:51)>COUNTIF(Operational_RawData!$A:$A,"1_Operational"),"",INDEX(Operational_RawData!T:T,MATCH("1_Operational",Operational_RawData!$A:$A,0)+ROWS($2:51)-1)) -> 0
A52: =IF(ROWS($2:52)>COUNTIF(Operational_RawData!$A:$A,"1_Operational"),"",INDEX(Operational_RawData!A:A,MATCH("1_Operational",Operational_RawData!$A:$A,0)+ROWS($2:52)-1)) -> 1_Operational | B52: =IF(ROWS($2:52)>COUNTIF(Operational_RawData!$A:$A,"1_Operational"),"",INDEX(Operational_RawData!B:B,MATCH("1_Operational",Operational_RawData!$A:$A,0)+ROWS($2:52)-1)) -> 144816.88 | C52: =IF(ROWS($2:52)>COUNTIF(Operational_RawData!$A:$A,"1_Operational"),"",INDEX(Operational_RawData!C:C,MATCH("1_Operational",Operational_RawData!$A:$A,0)+ROWS($2:52)-1)) -> 37.45 | D52: =IF(ROWS($2:52)>COUNTIF(Operational_RawData!$A:$A,"1_Operational"),"",INDEX(Operational_RawData!D:D,MATCH("1_Operational",Operational_RawData!$A:$A,0)+ROWS($2:52)-1)) -> 1310.385 | E52: =IF(ROWS($2:52)>COUNTIF(Operational_RawData!$A:$A,"1_Operational"),"",INDEX(Operational_RawData!E:E,MATCH("1_Operational",Operational_RawData!$A:$A,0)+ROWS($2:52)-1)) -> 3.02 | F52: =IF(ROWS($2:52)>COUNTIF(Operational_RawData!$A:$A,"1_Operational"),"",INDEX(Operational_RawData!F:F,MATCH("1_Operational",Operational_RawData!$A:$A,0)+ROWS($2:52)-1)) -> 230.12 | G52: =IF(ROWS($2:52)>COUNTIF(Operational_RawData!$A:$A,"1_Operational"),"",INDEX(Operational_RawData!G:G,MATCH("1_Operational",Operational_RawData!$A:$A,0)+ROWS($2:52)-1)) -> 230.12 | H52: =IF(ROWS($2:52)>COUNTIF(Operational_RawData!$A:$A,"1_Operational"),"",INDEX(Operational_RawData!H:H,MATCH("1_Operational",Operational_RawData!$A:$A,0)+ROWS($2:52)-1)) -> 230.12 | I52: =IF(ROWS($2:52)>COUNTIF(Operational_RawData!$A:$A,"1_Operational"),"",INDEX(Operational_RawData!I:I,MATCH("1_Operational",Operational_RawData!$A:$A,0)+ROWS($2:52)-1)) -> 230.12 | J52: =IF(ROWS($2:52)>COUNTIF(Operational_RawData!$A:$A,"1_Operational"),"",INDEX(Operational_RawData!J:J,MATCH("1_Operational",Operational_RawData!$A:$A,0)+ROWS($2:52)-1)) -> 335.92 | K52: =IF(ROWS($2:52)>COUNTIF(Operational_RawData!$A:$A,"1_Operational"),"",INDEX(Operational_RawData!K:K,MATCH("1_Operational",Operational_RawData!$A:$A,0)+ROWS($2:52)-1)) -> 335.92 | L52: =IF(ROWS($2:52)>COUNTIF(Operational_RawData!$A:$A,"1_Operational"),"",INDEX(Operational_RawData!L:L,MATCH("1_Operational",Operational_RawData!$A:$A,0)+ROWS($2:52)-1)) -> 335.92 | M52: =IF(ROWS($2:52)>COUNTIF(Operational_RawData!$A:$A,"1_Operational"),"",INDEX(Operational_RawData!M:M,MATCH("1_Operational",Operational_RawData!$A:$A,0)+ROWS($2:52)-1)) -> 335.92 | N52: =IF(ROWS($2:52)>COUNTIF(Operational_RawData!$A:$A,"1_Operational"),"",INDEX(Operational_RawData!N:N,MATCH("1_Operational",Operational_RawData!$A:$A,0)+ROWS($2:52)-1)) -> 0.1 | O52: =IF(ROWS($2:52)>COUNTIF(Operational_RawData!$A:$A,"1_Operational"),"",INDEX(Operational_RawData!O:O,MATCH("1_Operational",Operational_RawData!$A:$A,0)+ROWS($2:52)-1)) -> 0.19 | P52: =IF(ROWS($2:52)>COUNTIF(Operational_RawData!$A:$A,"1_Operational"),"",INDEX(Operational_RawData!P:P,MATCH("1_Operational",Operational_RawData!$A:$A,0)+ROWS($2:52)-1)) -> 0.06 | Q52: =IF(ROWS($2:52)>COUNTIF(Operational_RawData!$A:$A,"1_Operational"),"",INDEX(Operational_RawData!Q:Q,MATCH("1_Operational",Operational_RawData!$A:$A,0)+ROWS($2:52)-1)) -> 0.1 | R52: =IF(ROWS($2:52)>COUNTIF(Operational_RawData!$A:$A,"1_Operational"),"",INDEX(Operational_RawData!R:R,MATCH("1_Operational",Operational_RawData!$A:$A,0)+ROWS($2:52)-1)) -> Pass | S52: =IF(ROWS($2:52)>COUNTIF(Operational_RawData!$A:$A,"1_Operational"),"",INDEX(Operational_RawData!S:S,MATCH("1_Operational",Operational_RawData!$A:$A,0)+ROWS($2:52)-1)) -> 0 | T52: =IF(ROWS($2:52)>COUNTIF(Operational_RawData!$A:$A,"1_Operational"),"",INDEX(Operational_RawData!T:T,MATCH("1_Operational",Operational_RawData!$A:$A,0)+ROWS($2:52)-1)) -> 0
A53: =IF(ROWS($2:53)>COUNTIF(Operational_RawData!$A:$A,"1_Operational"),"",INDEX(Operational_RawData!A:A,MATCH("1_Operational",Operational_RawData!$A:$A,0)+ROWS($2:53)-1)) -> 1_Operational | B53: =IF(ROWS($2:53)>COUNTIF(Operational_RawData!$A:$A,"1_Operational"),"",INDEX(Operational_RawData!B:B,MATCH("1_Operational",Operational_RawData!$A:$A,0)+ROWS($2:53)-1)) -> 144821.89 | C53: =IF(ROWS($2:53)>COUNTIF(Operational_RawData!$A:$A,"1_Operational"),"",INDEX(Operational_RawData!C:C,MATCH("1_Operational",Operational_RawData!$A:$A,0)+ROWS($2:53)-1)) -> 38.18 | D53: =IF(ROWS($2:53)>COUNTIF(Operational_RawData!$A:$A,"1_Operational"),"",INDEX(Operational_RawData!D:D,MATCH("1_Operational",Operational_RawData!$A:$A,0)+ROWS($2:53)-1)) -> 1310.457 | E53: =IF(ROWS($2:53)>COUNTIF(Operational_RawData!$A:$A,"1_Operational"),"",INDEX(Operational_RawData!E:E,MATCH("1_Operational",Operational_RawData!$A:$A,0)+ROWS($2:53)-1)) -> 2.87 | F53: =IF(ROWS($2:53)>COUNTIF(Operational_RawData!$A:$A,"1_Operational"),"",INDEX(Operational_RawData!F:F,MATCH("1_Operational",Operational_RawData!$A:$A,0)+ROWS($2:53)-1)) -> 231.48 | G53: =IF(ROWS($2:53)>COUNTIF(Operational_RawData!$A:$A,"1_Operational"),"",INDEX(Operational_RawData!G:G,MATCH("1_Operational",Operational_RawData!$A:$A,0)+ROWS($2:53)-1)) -> 231.48 | H53: =IF(ROWS($2:53)>COUNTIF(Operational_RawData!$A:$A,"1_Operational"),"",INDEX(Operational_RawData!H:H,MATCH("1_Operational",Operational_RawData!$A:$A,0)+ROWS($2:53)-1)) -> 231.48 | I53: =IF(ROWS($2:53)>COUNTIF(Operational_RawData!$A:$A,"1_Operational"),"",INDEX(Operational_RawData!I:I,MATCH("1_Operational",Operational_RawData!$A:$A,0)+ROWS($2:53)-1)) -> 231.48 | J53: =IF(ROWS($2:53)>COUNTIF(Operational_RawData!$A:$A,"1_Operational"),"",INDEX(Operational_RawData!J:J,MATCH("1_Operational",Operational_RawData!$A:$A,0)+ROWS($2:53)-1)) -> 338.16 | K53: =IF(ROWS($2:53)>COUNTIF(Operational_RawData!$A:$A,"1_Operational"),"",INDEX(Operational_RawData!K:K,MATCH("1_Operational",Operational_RawData!$A:$A,0)+ROWS($2:53)-1)) -> 338.16 | L53: =IF(ROWS($2:53)>COUNTIF(Operational_RawData!$A:$A,"1_Operational"),"",INDEX(Operational_RawData!L:L,MATCH("1_Operational",Operational_RawData!$A:$A,0)+ROWS($2:53)-1)) -> 338.16 | M53: =IF(ROWS($2:53)>COUNTIF(Operational_RawData!$A:$A,"1_Operational"),"",INDEX(Operational_RawData!M:M,MATCH("1_Operational",Operational_RawData!$A:$A,0)+ROWS($2:53)-1)) -> 338.16 | N53: =IF(ROWS($2:53)>COUNTIF(Operational_RawData!$A:$A,"1_Operational"),"",INDEX(Operational_RawData!N:N,MATCH("1_Operational",Operational_RawData!$A:$A,0)+ROWS($2:53)-1)) -> 0.1 | O53: =IF(ROWS($2:53)>COUNTIF(Operational_RawData!$A:$A,"1_Operational"),"",INDEX(Operational_RawData!O:O,MATCH("1_Operational",Operational_RawData!$A:$A,0)+ROWS($2:53)-1)) -> 0.19 | P53: =IF(ROWS($2:53)>COUNTIF(Operational_RawData!$A:$A,"1_Operational"),"",INDEX(Operational_RawData!P:P,MATCH("1_Operational",Operational_RawData!$A:$A,0)+ROWS($2:53)-1)) -> 0.06 | Q53: =IF(ROWS($2:53)>COUNTIF(Operational_RawData!$A:$A,"1_Operational"),"",INDEX(Operational_RawData!Q:Q,MATCH("1_Operational",Operational_RawData!$A:$A,0)+ROWS($2:53)-1)) -> 0.1 | R53: =IF(ROWS($2:53)>COUNTIF(Operational_RawData!$A:$A,"1_Operational"),"",INDEX(Operational_RawData!R:R,MATCH("1_Operational",Operational_RawData!$A:$A,0)+ROWS($2:53)-1)) -> Pass | S53: =IF(ROWS($2:53)>COUNTIF(Operational_RawData!$A:$A,"1_Operational"),"",INDEX(Operational_RawData!S:S,MATCH("1_Operational",Operational_RawData!$A:$A,0)+ROWS($2:53)-1)) -> 0 | T53: =IF(ROWS($2:53)>COUNTIF(Operational_RawData!$A:$A,"1_Operational"),"",INDEX(Operational_RawData!T:T,MATCH("1_Operational",Operational_RawData!$A:$A,0)+ROWS($2:53)-1)) -> 0
